flight_date,flight_status,live,departure_airport,departure_timezone,departure_iata,departure_icao,departure_terminal,departure_gate,departure_delay,departure_scheduled,departure_estimated,departure_actual,departure_estimated_runway,departure_actual_runway,arrival_airport,arrival_timezone,arrival_iata,arrival_icao,arrival_terminal,arrival_gate,arrival_baggage,arrival_scheduled,arrival_delay,arrival_estimated,arrival_actual,arrival_estimated_runway,arrival_actual_runway,airline_name,airline_iata,airline_icao,flight_number,flight_iata,flight_icao,flight_codeshared,aircraft_registration,aircraft_iata,aircraft_icao,aircraft_icao24,aircraft,flight_codeshared_airline_name,flight_codeshared_airline_iata,flight_codeshared_airline_icao,flight_codeshared_flight_number,flight_codeshared_flight_iata,flight_codeshared_flight_icao
2026-01-15,landed,,Darwin,Australia/Darwin,DRW,YPDN,,,6.0,2026-01-15T01:00:00+00:00,2026-01-15T01:00:00+00:00,2026-01-14T01:19:00+00:00,2026-01-14T01:19:00+00:00,2026-01-14T01:19:00+00:00,Nhulunbuy,Australia/Darwin,GOV,YPGV,,,,2026-01-14T02:44:00+00:00,6.0,2026-01-14T02:59:00+00:00,2026-01-14T02:50:00+00:00,2026-01-14T02:50:00+00:00,2026-01-14T02:50:00+00:00,CareFlight,,CFH,28,,CFH28,,,,,7C7EE6,,,,,,,
2026-01-14,scheduled,,Tan Son Nhat International,Asia/Ho_Chi_Minh,SGN,VVTS,,,,2026-01-14T07:30:00+00:00,2026-01-14T07:30:00+00:00,,,,Duong Dong,Asia/Ho_Chi_Minh,PQC,VVPQ,,,,2026-01-14T08:40:00+00:00,320.0,,,,,VietJet Air,VJ,VJC,347,VJ347,VJC347,,,,,,,,,,,,
2026-01-14,scheduled,,Tan Son Nhat International,Asia/Ho_Chi_Minh,SGN,VVTS,,,,2026-01-14T07:30:00+00:00,2026-01-14T07:30:00+00:00,,,,Duong Dong,Asia/Ho_Chi_Minh,PQC,VVPQ,,,,2026-01-14T08:40:00+00:00,320.0,,,,,,H1,H1,4418,H14418,H14418,,,,,,,vietjet air,vj,vjc,347,vj347,vjc347
2026-01-14,scheduled,,Tan Son Nhat International,Asia/Ho_Chi_Minh,SGN,VVTS,,,,2026-01-14T07:30:00+00:00,2026-01-14T07:30:00+00:00,,,,Duong Dong,Asia/Ho_Chi_Minh,PQC,VVPQ,,,,2026-01-14T08:40:00+00:00,320.0,,,,,FlexFlight,W2,FXT,4347,W24347,FXT4347,,,,,,,vietjet air,vj,vjc,347,vj347,vjc347
2026-01-14,scheduled,,Tan Son Nhat International,Asia/Ho_Chi_Minh,SGN,VVTS,,,,2026-01-14T07:30:00+00:00,2026-01-14T07:30:00+00:00,,,,Duong Dong,Asia/Ho_Chi_Minh,PQC,VVPQ,,,,2026-01-14T08:40:00+00:00,320.0,,,,,,A1,A1,2347,A12347,A12347,,,,,,,vietjet air,vj,vjc,347,vj347,vjc347
2026-01-14,scheduled,,Brisbane International,Australia/Brisbane,BNE,YBBN,D,18,,2026-01-14T08:50:00+00:00,2026-01-14T08:50:00+00:00,,,,Perth International,Australia/Perth,PER,YPPH,4,13,,2026-01-14T12:05:00+00:00,,,,,,American Airlines,AA,AAL,7283,AA7283,AAL7283,,,,,,,qantas,qf,qfa,935,qf935,qfa935
2026-01-14,scheduled,,Port Hedland,Australia/Perth,PHE,YPPD,,,,2026-01-14T09:55:00+00:00,2026-01-14T09:55:00+00:00,,,,Perth International,Australia/Perth,PER,YPPH,4,15,,2026-01-14T12:05:00+00:00,,,,,,QantasLink,,QLK,1643,,QLK1643,,,,,7C6C9F,,,,,,,
2026-01-14,scheduled,,,,KQR,YKAR,,,,2026-01-14T09:45:00+00:00,2026-01-14T09:45:00+00:00,,,,Perth International,Australia/Perth,PER,YPPH,1,,,2026-01-14T10:34:00+00:00,,,,,,empty,,,,,,,,,,7C1C4F,,,,,,,
2026-01-14,scheduled,,Perth International,Australia/Perth,PER,YPPH,,,,2026-01-14T08:15:00+00:00,2026-01-14T08:15:00+00:00,,,,,,KQR,YKAR,,,,2026-01-14T09:07:00+00:00,,,,,,empty,,,,,,,,,,7C1C4F,,,,,,,
2026-01-14,scheduled,,Perth International,Australia/Perth,PER,YPPH,,,,2026-01-14T06:45:00+00:00,2026-01-14T06:45:00+00:00,,,,,,QBE,YCPR,,,,2026-01-14T08:35:00+00:00,,,,,,Alliance Airlines,QQ,UTY,733,QQ733,UTY733,,,,,7C1ABA,,,,,,,
2026-01-14,active,,Perth International,Australia/Perth,PER,YPPH,,,,2026-01-14T06:30:00+00:00,2026-01-14T06:30:00+00:00,,,,,,QBQ,YSRD,,,,2026-01-14T07:23:00+00:00,,,,,,National Jet Express,WO,JTE,150,WO150,JTE150,,,,,7CACB1,,,,,,,
2026-01-14,active,,Perth International,Australia/Perth,PER,YPPH,,,,2026-01-14T06:30:00+00:00,2026-01-14T06:30:00+00:00,,,,Ginbata Airport,,GBW,YGIA,,,,2026-01-14T08:00:00+00:00,,,,,,Qantas,QF,QFA,1350,QF1350,QFA1350,,,,,7C6DED,,,,,,,
2026-01-14,active,,Perth International,Australia/Perth,PER,YPPH,4,9,,2026-01-14T06:30:00+00:00,2026-01-14T06:30:00+00:00,,,,Paraburdoo,Australia/Perth,PBO,YPBO,,,,2026-01-14T08:20:00+00:00,,,,,,QantasLink,,QLK,1618,,QLK1618,,,,,7C42D5,,,,,,,
2026-01-14,active,,Perth International,Australia/Perth,PER,YPPH,,,,2026-01-14T05:40:00+00:00,2026-01-14T05:40:00+00:00,,,,,,BQB,YBLN,,,,2026-01-14T06:09:00+00:00,,,,,,empty,,,,,,,,,,7C7539,,,,,,,
2026-01-14,scheduled,,Seychelles International Airport,Indian/Mahe,SEZ,FSIA,D,,,2026-01-14T07:55:00+00:00,2026-01-14T07:55:00+00:00,,,,Praslin Island,Indian/Mahe,PRI,FSPP,,,,2026-01-14T08:15:00+00:00,,,,,,Air Seychelles,HM,SEY,3080,HM3080,SEY3080,,,,,,,,,,,,
2026-01-14,scheduled,,Seychelles International Airport,Indian/Mahe,SEZ,FSIA,D,,,2026-01-14T07:55:00+00:00,2026-01-14T07:55:00+00:00,,,,Praslin Island,Indian/Mahe,PRI,FSPP,,,,2026-01-14T08:15:00+00:00,,,,,,,X1,X1,4877,X14877,X14877,,,,,,,air seychelles,hm,sey,3080,hm3080,sey3080
2026-01-14,scheduled,,Hengyang,Asia/Shanghai,HNY,ZGHY,,4,,2026-01-14T12:05:00+00:00,2026-01-14T12:05:00+00:00,,,,Lijiang,Asia/Shanghai,LJG,ZPLJ,,,,2026-01-14T14:35:00+00:00,,,,,,Loong Air,GJ,CDC,8075,GJ8075,CDC8075,,,,,,,,,,,,
2026-01-14,scheduled,,Hengyang,Asia/Shanghai,HNY,ZGHY,,4,,2026-01-14T12:05:00+00:00,2026-01-14T12:05:00+00:00,,,,Lijiang,Asia/Shanghai,LJG,ZPLJ,,,,2026-01-14T14:35:00+00:00,,,,,,China Southern Airlines,CZ,CSN,7027,CZ7027,CSN7027,,,,,,,loong air,gj,cdc,8075,gj8075,cdc8075
2026-01-14,scheduled,,Hengyang,Asia/Shanghai,HNY,ZGHY,,4,,2026-01-14T12:05:00+00:00,2026-01-14T12:05:00+00:00,,,,Lijiang,Asia/Shanghai,LJG,ZPLJ,,,,2026-01-14T14:35:00+00:00,,,,,,Xiamen Airlines,MF,CXA,5734,MF5734,CXA5734,,,,,,,loong air,gj,cdc,8075,gj8075,cdc8075
2026-01-14,scheduled,,Hengyang,Asia/Shanghai,HNY,ZGHY,,4,,2026-01-14T12:05:00+00:00,2026-01-14T12:05:00+00:00,,,,Lijiang,Asia/Shanghai,LJG,ZPLJ,,,,2026-01-14T14:35:00+00:00,,,,,,Chengdu Airlines,EU,UEA,7535,EU7535,UEA7535,,,,,,,loong air,gj,cdc,8075,gj8075,cdc8075
2026-01-14,scheduled,,Hengyang,Asia/Shanghai,HNY,ZGHY,,4,,2026-01-14T12:05:00+00:00,2026-01-14T12:05:00+00:00,,,,Lijiang,Asia/Shanghai,LJG,ZPLJ,,,,2026-01-14T14:35:00+00:00,,,,,,China Express Air,G5,HXA,6347,G56347,HXA6347,,,,,,,loong air,gj,cdc,8075,gj8075,cdc8075
2026-01-14,scheduled,,Hengyang,Asia/Shanghai,HNY,ZGHY,,4,,2026-01-14T12:05:00+00:00,2026-01-14T12:05:00+00:00,,,,Lijiang,Asia/Shanghai,LJG,ZPLJ,,,,2026-01-14T14:35:00+00:00,,,,,,Tibet Airlines,TV,TBA,2335,TV2335,TBA2335,,,,,,,loong air,gj,cdc,8075,gj8075,cdc8075
2026-01-14,scheduled,,Pashkovsky,Europe/Moscow,KRR,URKK,,,,2026-01-14T06:55:00+00:00,2026-01-14T06:55:00+00:00,,,,Vnukovo,Europe/Moscow,VKO,UUWW,A,,,2026-01-14T09:05:00+00:00,,,,,,Pobeda,DP,PBD,160,DP160,PBD160,,,,,,,,,,,,
2026-01-14,scheduled,,Malay,Asia/Manila,MPH,RPVE,,,,2026-01-14T12:00:00+00:00,2026-01-14T12:00:00+00:00,,,,Mactan-Cebu International,Asia/Manila,CEB,RPVM,1,,,2026-01-14T13:00:00+00:00,,,,,,Cebu Pacific Air,5J,CEB,137,5J137,CEB137,,,,,,,,,,,,
2026-01-14,scheduled,,Malay,Asia/Manila,MPH,RPVE,,,,2026-01-14T11:55:00+00:00,2026-01-14T11:55:00+00:00,,,,Ninoy Aquino International,Asia/Manila,MNL,RPLL,2,,,2026-01-14T13:10:00+00:00,,,,,,Philippine Airlines,PR,PAL,2038,PR2038,PAL2038,,,,,,,,,,,,
2026-01-14,scheduled,,Malay,Asia/Manila,MPH,RPVE,,,,2026-01-14T11:55:00+00:00,2026-01-14T11:55:00+00:00,,,,Ninoy Aquino International,Asia/Manila,MNL,RPLL,2,,,2026-01-14T13:10:00+00:00,,,,,,Malaysia Airlines,MH,MAS,5984,MH5984,MAS5984,,,,,,,philippine airlines,pr,pal,2038,pr2038,pal2038
2026-01-14,scheduled,,Malay,Asia/Manila,MPH,RPVE,,,,2026-01-14T11:55:00+00:00,2026-01-14T11:55:00+00:00,,,,Ninoy Aquino International,Asia/Manila,MNL,RPLL,2,,,2026-01-14T13:10:00+00:00,,,,,,Singapore Airlines,SQ,SIA,5060,SQ5060,SIA5060,,,,,,,philippine airlines,pr,pal,2038,pr2038,pal2038
2026-01-14,scheduled,,Malay,Asia/Manila,MPH,RPVE,,,,2026-01-14T11:30:00+00:00,2026-01-14T11:30:00+00:00,,,,Ninoy Aquino International,Asia/Manila,MNL,RPLL,3,,,2026-01-14T12:45:00+00:00,,,,,,Cebu Pacific Air,5J,CEB,908,5J908,CEB908,,,,,,,,,,,,
2026-01-14,scheduled,,Malay,Asia/Manila,MPH,RPVE,,,,2026-01-14T11:20:00+00:00,2026-01-14T11:20:00+00:00,,,,Ninoy Aquino International,Asia/Manila,MNL,RPLL,2,,,2026-01-14T12:20:00+00:00,,,,,,Philippines AirAsia,Z2,EZD,220,Z2220,EZD220,,,,,,,,,,,,
2026-01-14,scheduled,,Malay,Asia/Manila,MPH,RPVE,,,,2026-01-14T11:20:00+00:00,2026-01-14T11:20:00+00:00,,,,Mactan-Cebu International,Asia/Manila,CEB,RPVM,1,,,2026-01-14T12:20:00+00:00,,,,,,Cebu Pacific Air,5J,CEB,133,5J133,CEB133,,,,,,,,,,,,
2026-01-14,scheduled,,Taiyuan,Asia/Shanghai,TYN,ZBYN,2,A,,2026-01-14T12:05:00+00:00,2026-01-14T12:05:00+00:00,,,,Shanghai Hongqiao International,Asia/Shanghai,SHA,ZSSS,2,,27,2026-01-14T14:20:00+00:00,,,,,,China Eastern Airlines,MU,CES,5230,MU5230,CES5230,,,,,7821AB,,,,,,,
2026-01-14,scheduled,,Taiyuan,Asia/Shanghai,TYN,ZBYN,2,A,,2026-01-14T12:00:00+00:00,2026-01-14T12:00:00+00:00,,,,,,JHG,ZPJH,,,,2026-01-14T15:20:00+00:00,,,,,,China Eastern Airlines,MU,CES,9819,MU9819,CES9819,,,,,78194D,,,,,,,
2026-01-14,scheduled,,Taiyuan,Asia/Shanghai,TYN,ZBYN,2,,,2026-01-14T11:55:00+00:00,2026-01-14T11:55:00+00:00,,,,Beihai,Asia/Shanghai,BHY,ZGBH,,,2,2026-01-14T15:00:00+00:00,,,,,,Sichuan Airlines,3U,CSC,3337,3U3337,CSC3337,,,,,780DDF,,,,,,,
2026-01-14,scheduled,,Taiyuan,Asia/Shanghai,TYN,ZBYN,2,,,2026-01-14T11:55:00+00:00,2026-01-14T11:55:00+00:00,,,,Beihai,Asia/Shanghai,BHY,ZGBH,,,2,2026-01-14T15:00:00+00:00,,,,,,Xiamen Airlines,MF,CXA,5129,MF5129,CXA5129,,,,,780DDF,,sichuan airlines,3u,csc,3337,3u3337,csc3337
2026-01-14,scheduled,,Taiyuan,Asia/Shanghai,TYN,ZBYN,2,,,2026-01-14T11:55:00+00:00,2026-01-14T11:55:00+00:00,,,,Beihai,Asia/Shanghai,BHY,ZGBH,,,2,2026-01-14T15:00:00+00:00,,,,,,China Express Air,G5,HXA,8677,G58677,HXA8677,,,,,780DDF,,sichuan airlines,3u,csc,3337,3u3337,csc3337
2026-01-14,scheduled,,Taiyuan,Asia/Shanghai,TYN,ZBYN,2,,,2026-01-14T11:55:00+00:00,2026-01-14T11:55:00+00:00,,,,Beihai,Asia/Shanghai,BHY,ZGBH,,,2,2026-01-14T15:00:00+00:00,,,,,,China Southern Airlines,CZ,CSN,4709,CZ4709,CSN4709,,,,,780DDF,,sichuan airlines,3u,csc,3337,3u3337,csc3337
2026-01-14,scheduled,,Taiyuan,Asia/Shanghai,TYN,ZBYN,2,,,2026-01-14T11:55:00+00:00,2026-01-14T11:55:00+00:00,,,,Guangzhou Baiyun International,Asia/Shanghai,CAN,ZGGG,2,,36,2026-01-14T14:50:00+00:00,,,,,,China Southern Airlines,CZ,CSN,3702,CZ3702,CSN3702,,,,,782287,,,,,,,
2026-01-14,scheduled,,Taiyuan,Asia/Shanghai,TYN,ZBYN,1,,,2026-01-14T11:50:00+00:00,2026-01-14T11:50:00+00:00,,,,Hangzhou,Asia/Shanghai,HGH,ZSHC,3,,,2026-01-14T13:55:00+00:00,,,,,,Shandong Airlines,SC,CDG,4951,SC4951,CDG4951,,,,,780D5A,,,,,,,
2026-01-14,scheduled,,Taiyuan,Asia/Shanghai,TYN,ZBYN,1,,,2026-01-14T11:50:00+00:00,2026-01-14T11:50:00+00:00,,,,Hangzhou,Asia/Shanghai,HGH,ZSHC,3,,,2026-01-14T13:55:00+00:00,,,,,,Tibet Airlines,TV,TBA,3261,TV3261,TBA3261,,,,,780D5A,,shandong airlines,sc,cdg,4951,sc4951,cdg4951
2026-01-14,scheduled,,Taiyuan,Asia/Shanghai,TYN,ZBYN,1,,,2026-01-14T11:50:00+00:00,2026-01-14T11:50:00+00:00,,,,Hangzhou,Asia/Shanghai,HGH,ZSHC,3,,,2026-01-14T13:55:00+00:00,,,,,,Air China LTD,CA,CCA,4861,CA4861,CCA4861,,,,,780D5A,,shandong airlines,sc,cdg,4951,sc4951,cdg4951
2026-01-14,scheduled,,Taiyuan,Asia/Shanghai,TYN,ZBYN,1,,,2026-01-14T11:50:00+00:00,2026-01-14T11:50:00+00:00,,,,Hangzhou,Asia/Shanghai,HGH,ZSHC,3,,,2026-01-14T13:55:00+00:00,,,,,,China Express Air,G5,HXA,6667,G56667,HXA6667,,,,,780D5A,,shandong airlines,sc,cdg,4951,sc4951,cdg4951
2026-01-14,scheduled,,Taiyuan,Asia/Shanghai,TYN,ZBYN,1,,,2026-01-14T11:50:00+00:00,2026-01-14T11:50:00+00:00,,,,Hangzhou,Asia/Shanghai,HGH,ZSHC,3,,,2026-01-14T13:55:00+00:00,,,,,,Shenzhen Airlines,ZH,CSZ,2763,ZH2763,CSZ2763,,,,,780D5A,,shandong airlines,sc,cdg,4951,sc4951,cdg4951
2026-01-14,scheduled,,Taiyuan,Asia/Shanghai,TYN,ZBYN,2,A,,2026-01-14T11:25:00+00:00,2026-01-14T11:25:00+00:00,,,,Dalian,Asia/Shanghai,DLC,ZYTL,,,3,2026-01-14T13:00:00+00:00,,,,,,China Eastern Airlines,MU,CES,6621,MU6621,CES6621,,,,,781DE9,,,,,,,
2026-01-14,scheduled,,Taiyuan,Asia/Shanghai,TYN,ZBYN,2,A,,2026-01-14T11:10:00+00:00,2026-01-14T11:10:00+00:00,,,,Shantou,Asia/Shanghai,SWA,ZGOW,,,,2026-01-14T14:20:00+00:00,,,,,,China Eastern Airlines,MU,CES,9811,MU9811,CES9811,,,,,780EC0,,,,,,,
2026-01-14,scheduled,,International Airport Chisinau,Europe/Chisinau,RMO,LUKK,,,,2026-01-14T06:00:00+00:00,2026-01-14T06:00:00+00:00,,,,Hamburg Airport,Europe/Berlin,HAM,EDDH,2,,8,2026-01-14T07:30:00+00:00,15.0,,,,,HiSky,H7,HYM,407,H7407,HYM407,,,,,4A08A5,,,,,,,
2026-01-14,scheduled,,International Airport Chisinau,Europe/Chisinau,RMO,LUKK,,,,2026-01-14T06:00:00+00:00,2026-01-14T06:00:00+00:00,,,,Hamburg Airport,Europe/Berlin,HAM,EDDH,2,,8,2026-01-14T07:30:00+00:00,15.0,,,,,,A1,A1,5650,A15650,A15650,,,,,4A08A5,,hisky,h7,hym,407,h7407,hym407
2026-01-14,scheduled,,International Airport Chisinau,Europe/Chisinau,RMO,LUKK,,,,2026-01-14T06:00:00+00:00,2026-01-14T06:00:00+00:00,,,,Sharm el-Sheikh International Airport,Africa/Cairo,SSH,HESH,,,,2026-01-14T09:20:00+00:00,,,,,,Fly One,5F,FIA,6341,5F6341,FIA6341,,,,,,,,,,,,
2026-01-14,scheduled,,International Airport Chisinau,Europe/Chisinau,RMO,LUKK,,,,2026-01-14T05:45:00+00:00,2026-01-14T05:45:00+00:00,,,,Charleroi Brussels South,Europe/Brussels,CRL,EBCI,,,,2026-01-14T07:50:00+00:00,,,,,,Wizz Air,W6,WZZ,3947,W63947,WZZ3947,,,,,4D24C6,,,,,,,
2026-01-14,scheduled,,Techo International Airport,Asia/Phnom_Penh,KTI,VDTI,,,,2026-01-14T10:05:00+00:00,2026-01-14T10:05:00+00:00,,,,Siem Reap Angkor International Airport,Asia/Phnom_Penh,SAI,VDSA,,,,2026-01-14T10:50:00+00:00,,,,,,Cambodia Angkor Air,K6,KHV,105,K6105,KHV105,,,,,,,,,,,,
2026-01-14,scheduled,,Techo International Airport,Asia/Phnom_Penh,KTI,VDTI,,,,2026-01-14T10:05:00+00:00,2026-01-14T10:05:00+00:00,,,,Siem Reap Angkor International Airport,Asia/Phnom_Penh,SAI,VDSA,,,,2026-01-14T10:50:00+00:00,,,,,,Vietnam Airlines,VN,HVN,3802,VN3802,HVN3802,,,,,,,cambodia angkor air,k6,khv,105,k6105,khv105
2026-01-14,scheduled,,Siem Reap Angkor International Airport,Asia/Phnom_Penh,SAI,VDSA,,,,2026-01-14T10:45:00+00:00,2026-01-14T10:45:00+00:00,,,,Singapore Changi,Asia/Singapore,SIN,WSSS,,,,2026-01-14T14:15:00+00:00,,,,,,Singapore Airlines,SQ,SIA,163,SQ163,SIA163,,,,,,,,,,,,
2026-01-14,scheduled,,Siem Reap Angkor International Airport,Asia/Phnom_Penh,SAI,VDSA,,,,2026-01-14T10:45:00+00:00,2026-01-14T10:45:00+00:00,,,,Singapore Changi,Asia/Singapore,SIN,WSSS,,,,2026-01-14T14:15:00+00:00,,,,,,Virgin Australia,VA,VOZ,5481,VA5481,VOZ5481,,,,,,,singapore airlines,sq,sia,163,sq163,sia163
2026-01-14,scheduled,,Siem Reap Angkor International Airport,Asia/Phnom_Penh,SAI,VDSA,,,,2026-01-14T10:45:00+00:00,2026-01-14T10:45:00+00:00,,,,Singapore Changi,Asia/Singapore,SIN,WSSS,,,,2026-01-14T14:15:00+00:00,,,,,,United Airlines,UA,UAL,7691,UA7691,UAL7691,,,,,,,singapore airlines,sq,sia,163,sq163,sia163
2026-01-14,scheduled,,Siem Reap Angkor International Airport,Asia/Phnom_Penh,SAI,VDSA,,,,2026-01-14T10:45:00+00:00,2026-01-14T10:45:00+00:00,,,,Singapore Changi,Asia/Singapore,SIN,WSSS,,,,2026-01-14T14:15:00+00:00,,,,,,Air New Zealand,NZ,ANZ,3483,NZ3483,ANZ3483,,,,,,,singapore airlines,sq,sia,163,sq163,sia163
2026-01-14,scheduled,,Siem Reap Angkor International Airport,Asia/Phnom_Penh,SAI,VDSA,,,,2026-01-14T10:45:00+00:00,2026-01-14T10:45:00+00:00,,,,Singapore Changi,Asia/Singapore,SIN,WSSS,,,,2026-01-14T14:15:00+00:00,,,,,,Air India,AI,AIC,8249,AI8249,AIC8249,,,,,,,singapore airlines,sq,sia,163,sq163,sia163
2026-01-14,scheduled,,New Ulaanbaator International Airport,,UBN,ZMCK,,,,2026-01-14T11:40:00+00:00,2026-01-14T11:40:00+00:00,,,,Beijing Capital International,Asia/Shanghai,PEK,ZBAA,3,,39,2026-01-14T13:55:00+00:00,,,,,,Air China LTD,CA,CCA,902,CA902,CCA902,,,,,,,,,,,,
2026-01-14,scheduled,,New Ulaanbaator International Airport,,UBN,ZMCK,,,,2026-01-14T11:40:00+00:00,2026-01-14T11:40:00+00:00,,,,Beijing Capital International,Asia/Shanghai,PEK,ZBAA,3,,39,2026-01-14T13:55:00+00:00,,,,,,Miat - Mongolian Airlines,OM,MGL,5223,OM5223,MGL5223,,,,,,,air china ltd,ca,cca,902,ca902,cca902
2026-01-14,scheduled,,Neom Bay Airport ,,NUM,OENN,,,,2026-01-14T06:30:00+00:00,2026-01-14T06:30:00+00:00,,,,King Abdulaziz International,Asia/Riyadh,JED,OEJN,1,,,2026-01-14T08:10:00+00:00,,,,,,Saudia,SV,SVA,1550,SV1550,SVA1550,,,,,710126,,,,,,,
2026-01-14,scheduled,,Zhukovsky International Airport,,ZIA,UUBW,,,,2026-01-14T07:00:00+00:00,2026-01-14T07:00:00+00:00,,,,Karshi,Asia/Samarkand,KSQ,UZSK,,,,2026-01-14T12:55:00+00:00,,,,,,Ural Airlines,U6,SVR,2457,U62457,SVR2457,,,,,,,,,,,,
2026-01-14,scheduled,,Yichun Mingyueshan Airport,,YIC,ZSYC,,4,,2026-01-14T11:30:00+00:00,2026-01-14T11:30:00+00:00,,,,Wenzhou,Asia/Shanghai,WNZ,ZSWZ,2,,,2026-01-14T13:00:00+00:00,,,,,,West Air (China),PN,CHB,6577,PN6577,CHB6577,,,,,782280,,,,,,,
2026-01-14,scheduled,,Yichun Mingyueshan Airport,,YIC,ZSYC,,2,,2026-01-14T11:15:00+00:00,2026-01-14T11:15:00+00:00,,,,Shenzhen,Asia/Shanghai,SZX,ZGSZ,,,10,2026-01-14T12:45:00+00:00,,,,,,Shenzhen Airlines,ZH,CSZ,9112,ZH9112,CSZ9112,,,,,780C69,,,,,,,
2026-01-14,scheduled,,Yichun Mingyueshan Airport,,YIC,ZSYC,,2,,2026-01-14T11:15:00+00:00,2026-01-14T11:15:00+00:00,,,,Shenzhen,Asia/Shanghai,SZX,ZGSZ,,,10,2026-01-14T12:45:00+00:00,,,,,,Shandong Airlines,SC,CDG,9240,SC9240,CDG9240,,,,,780C69,,shenzhen airlines,zh,csz,9112,zh9112,csz9112
2026-01-14,scheduled,,Yichun Mingyueshan Airport,,YIC,ZSYC,,2,,2026-01-14T11:15:00+00:00,2026-01-14T11:15:00+00:00,,,,Shenzhen,Asia/Shanghai,SZX,ZGSZ,,,10,2026-01-14T12:45:00+00:00,,,,,,Air China LTD,CA,CCA,3412,CA3412,CCA3412,,,,,780C69,,shenzhen airlines,zh,csz,9112,zh9112,csz9112
2026-01-14,scheduled,,Aji Pangeran Tumenggung Pranoto International Airport,,AAP,WALS,,,,2026-01-14T09:25:00+00:00,2026-01-14T09:25:00+00:00,,,,Yogyakarta International Airport,,YIA,WAHI,,,,2026-01-14T10:20:00+00:00,,,,,,Super Air Jet,IU,SJV,659,IU659,SJV659,,,,,,,,,,,,
2026-01-14,scheduled,,Yogyakarta International Airport,,YIA,WAHI,,,,2026-01-14T11:00:00+00:00,2026-01-14T11:00:00+00:00,,,,Aji Pangeran Tumenggung Pranoto International Airport,,AAP,WALS,,,,2026-01-14T14:00:00+00:00,,,,,,Super Air Jet,IU,SJV,658,IU658,SJV658,,,,,,,,,,,,
2026-01-14,scheduled,,Yogyakarta International Airport,,YIA,WAHI,,,,2026-01-14T10:20:00+00:00,2026-01-14T10:20:00+00:00,,,,Singapore Changi,Asia/Singapore,SIN,WSSS,1,,,2026-01-14T13:40:00+00:00,,,,,,Scoot,TR,TGW,201,TR201,TGW201,,,,,,,,,,,,
2026-01-14,scheduled,,Yogyakarta International Airport,,YIA,WAHI,,,,2026-01-14T10:20:00+00:00,2026-01-14T10:20:00+00:00,,,,Singapore Changi,Asia/Singapore,SIN,WSSS,1,,,2026-01-14T13:40:00+00:00,,,,,,Singapore Airlines,SQ,SIA,8661,SQ8661,SIA8661,,,,,,,scoot,tr,tgw,201,tr201,tgw201
2026-01-14,scheduled,,Yogyakarta International Airport,,YIA,WAHI,,C11,,2026-01-14T10:15:00+00:00,2026-01-14T10:15:00+00:00,,,,Hasanudin,Asia/Makassar,UPG,WAAA,,,6,2026-01-14T13:10:00+00:00,,,,,,Lion Air,JT,LNI,640,JT640,LNI640,,,,,,,,,,,,
2026-01-14,scheduled,,"Xinzhou Wutaishan Airport
",,WUT,ZBXZ,,1-3,,2026-01-14T11:10:00+00:00,2026-01-14T11:10:00+00:00,,,,Shenyang,Asia/Shanghai,SHE,ZYTX,,,,2026-01-14T13:05:00+00:00,,,,,,Air Guilin,GT,CGH,1151,GT1151,CGH1151,,,,,78132C,,,,,,,
2026-01-14,scheduled,,Sydney Kingsford Smith Airport,Australia/Sydney,SYD,YSSY,3,19,,2026-01-14T12:35:00+00:00,2026-01-14T12:35:00+00:00,,,,"Toowoomba Wellcamp Airport
",,WTB,YBWW,,,,2026-01-14T13:15:00+00:00,,,,,,China Eastern Airlines,MU,CES,4176,MU4176,CES4176,,,,,,,qantas,qf,qfa,1490,qf1490,qfa1490
2026-01-14,scheduled,,Sydney Kingsford Smith Airport,Australia/Sydney,SYD,YSSY,3,19,,2026-01-14T12:35:00+00:00,2026-01-14T12:35:00+00:00,,,,"Toowoomba Wellcamp Airport
",,WTB,YBWW,,,,2026-01-14T13:15:00+00:00,,,,,,Air New Zealand,NZ,ANZ,7495,NZ7495,ANZ7495,,,,,,,qantas,qf,qfa,1490,qf1490,qfa1490
2026-01-14,scheduled,,"Toowoomba Wellcamp Airport
",,WTB,YBWW,,,,2026-01-14T13:45:00+00:00,2026-01-14T13:45:00+00:00,,,,Sydney Kingsford Smith Airport,Australia/Sydney,SYD,YSSY,3,16,,2026-01-14T16:30:00+00:00,,,,,,Qantas,QF,QFA,1491,QF1491,QFA1491,,,,,,,,,,,,
2026-01-14,scheduled,,"Toowoomba Wellcamp Airport
",,WTB,YBWW,,,,2026-01-14T13:45:00+00:00,2026-01-14T13:45:00+00:00,,,,Sydney Kingsford Smith Airport,Australia/Sydney,SYD,YSSY,3,16,,2026-01-14T16:30:00+00:00,,,,,,China Eastern Airlines,MU,CES,4177,MU4177,CES4177,,,,,,,qantas,qf,qfa,1491,qf1491,qfa1491
2026-01-14,scheduled,,"Toowoomba Wellcamp Airport
",,WTB,YBWW,,,,2026-01-14T13:45:00+00:00,2026-01-14T13:45:00+00:00,,,,Sydney Kingsford Smith Airport,Australia/Sydney,SYD,YSSY,3,16,,2026-01-14T16:30:00+00:00,,,,,,Air New Zealand,NZ,ANZ,7496,NZ7496,ANZ7496,,,,,,,qantas,qf,qfa,1491,qf1491,qfa1491
2026-01-14,scheduled,,Beijing Capital International,Asia/Shanghai,PEK,ZBAA,3,"J,K",,2026-01-14T09:15:00+00:00,2026-01-14T09:15:00+00:00,,,,Shiyan Wudangshan Airport,,WDS,ZHSY,3,,,2026-01-14T11:20:00+00:00,,,,,,Dalian Airlines,,CCD,1923,,CCD1923,,,,,78086B,,,,,,,
2026-01-14,scheduled,,Shiyan Wudangshan Airport,,WDS,ZHSY,,3-8,,2026-01-14T12:05:00+00:00,2026-01-14T12:05:00+00:00,,,,Beijing Capital International,Asia/Shanghai,PEK,ZBAA,3,,,2026-01-14T14:10:00+00:00,,,,,,Dalian Airlines,,CCD,1924,,CCD1924,,,,,78086B,,,,,,,
2026-01-14,scheduled,,Shiyan Wudangshan Airport,,WDS,ZHSY,,3-6,,2026-01-14T12:00:00+00:00,2026-01-14T12:00:00+00:00,,,,Tianjin Binhai International,Asia/Shanghai,TSN,ZBTJ,2,,9,2026-01-14T14:20:00+00:00,,,,,,Air Guilin,GT,CGH,1139,GT1139,CGH1139,,,,,78053A,,,,,,,
2026-01-14,scheduled,,Shiyan Wudangshan Airport,,WDS,ZHSY,,3-8,,2026-01-14T11:55:00+00:00,2026-01-14T11:55:00+00:00,,,,Haikou,Asia/Shanghai,HAK,ZJHK,1,,,2026-01-14T14:40:00+00:00,,,,,,Beijing Capital Airlines,JD,CBJ,5539,JD5539,CBJ5539,,,,,78037D,,,,,,,
2026-01-14,scheduled,,Shiyan Wudangshan Airport,,WDS,ZHSY,,5,,2026-01-14T11:15:00+00:00,2026-01-14T11:15:00+00:00,,,,Taiyuan,Asia/Shanghai,TYN,ZBYN,1,,,2026-01-14T12:45:00+00:00,,,,,,Shandong Airlines,SC,CDG,2231,SC2231,CDG2231,,,,,780D0A,,,,,,,
2026-01-14,scheduled,,Shiyan Wudangshan Airport,,WDS,ZHSY,,5,,2026-01-14T11:15:00+00:00,2026-01-14T11:15:00+00:00,,,,Taiyuan,Asia/Shanghai,TYN,ZBYN,1,,,2026-01-14T12:45:00+00:00,,,,,,China Express Air,G5,HXA,6493,G56493,HXA6493,,,,,780D0A,,shandong airlines,sc,cdg,2231,sc2231,cdg2231
2026-01-14,scheduled,,Shiyan Wudangshan Airport,,WDS,ZHSY,,5,,2026-01-14T11:15:00+00:00,2026-01-14T11:15:00+00:00,,,,Taiyuan,Asia/Shanghai,TYN,ZBYN,1,,,2026-01-14T12:45:00+00:00,,,,,,Tibet Airlines,TV,TBA,3099,TV3099,TBA3099,,,,,780D0A,,shandong airlines,sc,cdg,2231,sc2231,cdg2231
2026-01-14,scheduled,,Shiyan Wudangshan Airport,,WDS,ZHSY,,5,,2026-01-14T11:15:00+00:00,2026-01-14T11:15:00+00:00,,,,Taiyuan,Asia/Shanghai,TYN,ZBYN,1,,,2026-01-14T12:45:00+00:00,,,,,,Air China LTD,CA,CCA,4693,CA4693,CCA4693,,,,,780D0A,,shandong airlines,sc,cdg,2231,sc2231,cdg2231
2026-01-14,scheduled,,Shiyan Wudangshan Airport,,WDS,ZHSY,,5,,2026-01-14T11:15:00+00:00,2026-01-14T11:15:00+00:00,,,,Taiyuan,Asia/Shanghai,TYN,ZBYN,1,,,2026-01-14T12:45:00+00:00,,,,,,Shenzhen Airlines,ZH,CSZ,2597,ZH2597,CSZ2597,,,,,780D0A,,shandong airlines,sc,cdg,2231,sc2231,cdg2231
2026-01-14,scheduled,,Shache Airport ,,QSZ,ZWSC,,4,,2026-01-14T11:15:00+00:00,2026-01-14T11:15:00+00:00,,,,Kuqa,Asia/Shanghai,KCA,ZWKC,,,,2026-01-14T12:25:00+00:00,,,,,,Chengdu Airlines,EU,UEA,3029,EU3029,UEA3029,,,,,781651,,,,,,,
2026-01-14,scheduled,,Shache Airport ,,QSZ,ZWSC,,4,,2026-01-14T11:15:00+00:00,2026-01-14T11:15:00+00:00,,,,Kuqa,Asia/Shanghai,KCA,ZWKC,,,,2026-01-14T12:25:00+00:00,,,,,,Tibet Airlines,TV,TBA,5247,TV5247,TBA5247,,,,,781651,,chengdu airlines,eu,uea,3029,eu3029,uea3029
2026-01-14,scheduled,,Shache Airport ,,QSZ,ZWSC,,4,,2026-01-14T11:15:00+00:00,2026-01-14T11:15:00+00:00,,,,Kuqa,Asia/Shanghai,KCA,ZWKC,,,,2026-01-14T12:25:00+00:00,,,,,,Sichuan Airlines,3U,CSC,5751,3U5751,CSC5751,,,,,781651,,chengdu airlines,eu,uea,3029,eu3029,uea3029
2026-01-14,scheduled,,Shache Airport ,,QSZ,ZWSC,,4,,2026-01-14T11:15:00+00:00,2026-01-14T11:15:00+00:00,,,,Kuqa,Asia/Shanghai,KCA,ZWKC,,,,2026-01-14T12:25:00+00:00,,,,,,Loong Air,GJ,CDC,5289,GJ5289,CDC5289,,,,,781651,,chengdu airlines,eu,uea,3029,eu3029,uea3029
2026-01-14,scheduled,,Astana,Asia/Almaty,NQZ,UACC,,,,2026-01-14T09:05:00+00:00,2026-01-14T09:05:00+00:00,,,,Almaty,Asia/Almaty,ALA,UAAA,,,,2026-01-14T11:00:00+00:00,,,,,,empty,,,4601,,,,,,,,,,,,,,
2026-01-14,scheduled,,Astana,Asia/Almaty,NQZ,UACC,,,,2026-01-14T09:05:00+00:00,2026-01-14T09:05:00+00:00,,,,Almaty,Asia/Almaty,ALA,UAAA,,,,2026-01-14T11:00:00+00:00,,,,,,FlyArystan,FS,AYN,7052,FS7052,AYN7052,,,,,,,,,,,,
2026-01-14,scheduled,,Astana,Asia/Almaty,NQZ,UACC,1,,,2026-01-14T09:00:00+00:00,2026-01-14T09:00:00+00:00,,,,Pulkovo,Europe/Moscow,LED,ULLI,,,,2026-01-14T11:20:00+00:00,,,,,,SCAT Airlines,DV,VSV,821,DV821,VSV821,,,,,,,,,,,,
2026-01-14,scheduled,,Astana,Asia/Almaty,NQZ,UACC,2,,,2026-01-14T08:35:00+00:00,2026-01-14T08:35:00+00:00,,,,Ust-kamenogorsk,Asia/Almaty,UKK,UASK,,,,2026-01-14T10:00:00+00:00,,,,,,SCAT Airlines,DV,VSV,783,DV783,VSV783,,,,,,,,,,,,
2026-01-14,scheduled,,Astana,Asia/Almaty,NQZ,UACC,2,,,2026-01-14T08:10:00+00:00,2026-01-14T08:10:00+00:00,,,,Shimkent,Asia/Almaty,CIT,UAII,A,,,2026-01-14T09:50:00+00:00,,,,,,SCAT Airlines,DV,VSV,702,DV702,VSV702,,,,,,,,,,,,
2026-01-14,scheduled,,Xiamen,Asia/Shanghai,XMN,ZSAM,3,22,,2026-01-14T08:10:00+00:00,2026-01-14T08:10:00+00:00,,,,Lanzhou Zhongchuan Airport,,LHW,ZLLL,,,6,2026-01-14T11:55:00+00:00,,,,,,Hebei Airlines,NS,HBH,8763,NS8763,HBH8763,,,,,781383,,xiamen airlines,mf,cxa,8763,mf8763,cxa8763
2026-01-14,scheduled,,Xiamen,Asia/Shanghai,XMN,ZSAM,3,22,,2026-01-14T08:10:00+00:00,2026-01-14T08:10:00+00:00,,,,Lanzhou Zhongchuan Airport,,LHW,ZLLL,,,6,2026-01-14T11:55:00+00:00,,,,,,Juneyao Airlines,HO,DKH,7326,HO7326,DKH7326,,,,,781383,,xiamen airlines,mf,cxa,8763,mf8763,cxa8763
2026-01-14,scheduled,,Xiamen,Asia/Shanghai,XMN,ZSAM,3,22,,2026-01-14T08:10:00+00:00,2026-01-14T08:10:00+00:00,,,,Lanzhou Zhongchuan Airport,,LHW,ZLLL,,,6,2026-01-14T11:55:00+00:00,,,,,,China Express Air,G5,HXA,9701,G59701,HXA9701,,,,,781383,,xiamen airlines,mf,cxa,8763,mf8763,cxa8763
2026-01-14,scheduled,,Xiamen,Asia/Shanghai,XMN,ZSAM,3,22,,2026-01-14T08:10:00+00:00,2026-01-14T08:10:00+00:00,,,,Lanzhou Zhongchuan Airport,,LHW,ZLLL,,,6,2026-01-14T11:55:00+00:00,,,,,,China Southern Airlines,CZ,CSN,4524,CZ4524,CSN4524,,,,,781383,,xiamen airlines,mf,cxa,8763,mf8763,cxa8763
2026-01-14,scheduled,,Xiamen,Asia/Shanghai,XMN,ZSAM,3,22,,2026-01-14T08:10:00+00:00,2026-01-14T08:10:00+00:00,,,,Lanzhou Zhongchuan Airport,,LHW,ZLLL,,,6,2026-01-14T11:55:00+00:00,,,,,,Sichuan Airlines,3U,CSC,2727,3U2727,CSC2727,,,,,781383,,xiamen airlines,mf,cxa,8763,mf8763,cxa8763
2026-01-14,scheduled,,Lanzhou Zhongchuan Airport,,LHW,ZLLL,,B13,,2026-01-14T12:05:00+00:00,2026-01-14T12:05:00+00:00,,,,,,URC,ZWWW,,,,2026-01-14T14:55:00+00:00,,,,,,Hainan Airlines,HU,CHH,7852,HU7852,CHH7852,,,,,7812E4,,,,,,,
2026-01-14,scheduled,,Lanzhou Zhongchuan Airport,,LHW,ZLLL,,B17,,2026-01-14T12:05:00+00:00,2026-01-14T12:05:00+00:00,,,,Aksu,Asia/Shanghai,AKU,ZWAK,,,,2026-01-14T16:10:00+00:00,,,,,,Air China LTD,CA,CCA,1239,CA1239,CCA1239,,,,,781861,,,,,,,
2026-01-14,scheduled,,Lanzhou Zhongchuan Airport,,LHW,ZLLL,,B17,,2026-01-14T12:05:00+00:00,2026-01-14T12:05:00+00:00,,,,Aksu,Asia/Shanghai,AKU,ZWAK,,,,2026-01-14T16:10:00+00:00,,,,,,Shenzhen Airlines,ZH,CSZ,1239,ZH1239,CSZ1239,,,,,781861,,air china ltd,ca,cca,1239,ca1239,cca1239
