flight_date,flight_status,live,departure_airport,departure_timezone,departure_iata,departure_icao,departure_terminal,departure_gate,departure_delay,departure_scheduled,departure_estimated,departure_actual,departure_estimated_runway,departure_actual_runway,arrival_airport,arrival_timezone,arrival_iata,arrival_icao,arrival_terminal,arrival_gate,arrival_baggage,arrival_scheduled,arrival_delay,arrival_estimated,arrival_actual,arrival_estimated_runway,arrival_actual_runway,airline_name,airline_iata,airline_icao,flight_number,flight_iata,flight_icao,flight_codeshared,aircraft_registration,aircraft_iata,aircraft_icao,aircraft_icao24,flight_codeshared_airline_name,flight_codeshared_airline_iata,flight_codeshared_airline_icao,flight_codeshared_flight_number,flight_codeshared_flight_iata,flight_codeshared_flight_icao,aircraft,flight_date_str,latitude,longitude,weather_time,wind_speed_10m
2026-01-19,scheduled,,Clinton Field,America/New_York,ILN,KILN,,,,2026-01-19T00:20:00+00:00,2026-01-19 00:20:00+00:00,,,,Denver International,America/Denver,DEN,KDEN,N,,,2026-01-19T01:16:00+00:00,,,,,,ATI,8C,ATN,3308,8C3308,ATN3308,,,,,,,,,,,,,2026-01-19,39.493057,-83.74083,2026-01-19 00:00:00+00:00,11.028581
2026-01-19,landed,,Chicago O'hare International,America/Chicago,ORD,KORD,,,,2026-01-19T01:19:00+00:00,2026-01-19 01:19:00+00:00,2026-01-18T20:06:00+00:00,2026-01-18T20:06:00+00:00,2026-01-18T20:06:00+00:00,Lovell Field,America/New_York,CHA,KCHA,,,,2026-01-19T03:38:00+00:00,,2026-01-18T22:12:00+00:00,2026-01-18T22:12:00+00:00,2026-01-18T22:12:00+00:00,2026-01-18T22:12:00+00:00,Delta Air Lines,DL,DAL,,DL,DAL,,,,,A08A85,,,,,,,,2026-01-19,41.976913,-87.90488,2026-01-19 01:00:00+00:00,13.239486
2026-01-19,scheduled,,Jorge Chavez International,America/Lima,LIM,SPJC,,A3,,2026-01-19T03:30:00+00:00,2026-01-19 03:30:00+00:00,,,,C.F. Secada,America/Lima,IQT,SPQT,,,,2026-01-19T05:20:00+00:00,,,,,,Aerolineas Argentinas,AR,ARG,8259,AR8259,ARG8259,,,,,E8026A,latam airlines,la,lan,2231,la2231,lan2231,,2026-01-19,-12.019421,-77.107666,2026-01-19 03:00:00+00:00,7.7734165
2026-01-19,landed,,Indira Gandhi International,Asia/Kolkata,DEL,VIDP,3,60,,2026-01-19T05:45:00+00:00,2026-01-19 05:45:00+00:00,2026-01-19T05:57:00+00:00,2026-01-19T05:57:00+00:00,2026-01-19T05:57:00+00:00,Sardar Vallabhbhai Patel International Airport,Asia/Kolkata,AMD,VAAH,1,,,2026-01-19T07:50:00+00:00,,2026-01-19T07:07:00+00:00,2026-01-19T07:08:00+00:00,2026-01-19T07:08:00+00:00,2026-01-19T07:08:00+00:00,EgyptAir,MS,MSR,9579,MS9579,MSR9579,,,,,80053E,air india,ai,aic,817,ai817,aic817,,2026-01-19,28.556555,77.10079,2026-01-19 06:00:00+00:00,1.0495713
2026-01-19,scheduled,,Silvio Pettirossi,America/Asuncion,ASU,SGAS,,,,2026-01-19T06:15:00+00:00,2026-01-19 06:15:00+00:00,,,,Capitan Corbeta CA Curbelo International Airport,America/Montevideo,PDP,SULS,,,,2026-01-19T08:05:00+00:00,,,,,,Silk Way Airlines,ZP,AZQ,890,ZP890,AZQ890,,,,,,,,,,,,,2026-01-19,-25.241795,-57.513794,2026-01-19 06:00:00+00:00,8.836514
2026-01-19,landed,,Chhatrapati Shivaji International (Sahar International),Asia/Kolkata,BOM,VABB,2,,,2026-01-19T06:50:00+00:00,2026-01-19 06:50:00+00:00,2026-01-19T07:27:00+00:00,2026-01-19T07:27:00+00:00,2026-01-19T07:27:00+00:00,Sardar Vallabhbhai Patel International Airport,Asia/Kolkata,AMD,VAAH,1,,,2026-01-19T08:20:00+00:00,,2026-01-19T08:13:00+00:00,2026-01-19T08:17:00+00:00,2026-01-19T08:17:00+00:00,2026-01-19T08:17:00+00:00,EgyptAir,MS,MSR,9558,MS9558,MSR9558,,,,,8004D5,air india,ai,aic,493,ai493,aic493,,2026-01-19,19.095509,72.87497,2026-01-19 07:00:00+00:00,6.8919086
2026-01-19,scheduled,,Zvartnots International,Asia/Yerevan,EVN,UDYZ,,9,,2026-01-19T07:50:00+00:00,2026-01-19 07:50:00+00:00,,,,Ben Gurion International,Asia/Jerusalem,TLV,LLBG,3,,,2026-01-19T08:30:00+00:00,,,,,,Fly One,5F,FIA,873,5F873,FIA873,,,,,504E87,,,,,,,,2026-01-19,40.15272,44.39805,2026-01-19 08:00:00+00:00,13.558673
2026-01-19,landed,,Don Muang,Asia/Bangkok,DMK,VTBD,2,,,2026-01-19T08:10:00+00:00,2026-01-19 08:10:00+00:00,2026-01-19T08:25:00+00:00,2026-01-19T08:25:00+00:00,2026-01-19T08:25:00+00:00,Chiang Rai,Asia/Bangkok,CEI,VTCT,,,,2026-01-19T09:35:00+00:00,,2026-01-19T09:25:00+00:00,2026-01-19T09:27:00+00:00,2026-01-19T09:27:00+00:00,2026-01-19T09:27:00+00:00,AirAsia,AK,AXM,3203,AK3203,AXM3203,,,,,881422,,,,,,,,2026-01-19,13.9125,100.60667,2026-01-19 08:00:00+00:00,6.297428
2026-01-19,landed,,Krasnojarsk,Asia/Krasnoyarsk,KJA,UNKL,1,,,2026-01-19T08:20:00+00:00,2026-01-19 08:20:00+00:00,2026-01-19T08:25:00+00:00,2026-01-19T08:25:00+00:00,2026-01-19T08:25:00+00:00,Irkutsk,Asia/Irkutsk,IKT,UIII,1,,,2026-01-19T11:10:00+00:00,,2026-01-19T10:44:00+00:00,2026-01-19T10:48:00+00:00,2026-01-19T10:48:00+00:00,2026-01-19T10:48:00+00:00,Rossiya Airlines,FV,SDM,6881,FV6881,SDM6881,,,,,155C54,,,,,,,,2026-01-19,56.18113,92.48286,2026-01-19 08:00:00+00:00,2.9301877
2026-01-19,landed,,Don Muang,Asia/Bangkok,DMK,VTBD,2,,19.0,2026-01-19T08:20:00+00:00,2026-01-19 08:20:00+00:00,2026-01-19T08:47:00+00:00,2026-01-19T08:47:00+00:00,2026-01-19T08:47:00+00:00,Phuket International,Asia/Bangkok,HKT,VTSP,D,,,2026-01-19T09:45:00+00:00,19.0,2026-01-19T10:01:00+00:00,2026-01-19T10:04:00+00:00,2026-01-19T10:04:00+00:00,2026-01-19T10:04:00+00:00,AirAsia,AK,AXM,3037,AK3037,AXM3037,,,,,880847,,,,,,,,2026-01-19,13.9125,100.60667,2026-01-19 08:00:00+00:00,6.297428
2026-01-19,landed,,Buri Ram,Asia/Bangkok,BFV,VTUO,,,,2026-01-19T08:25:00+00:00,2026-01-19 08:25:00+00:00,2026-01-19T08:37:00+00:00,2026-01-19T08:37:00+00:00,2026-01-19T08:37:00+00:00,Don Muang,Asia/Bangkok,DMK,VTBD,2,,,2026-01-19T09:20:00+00:00,,2026-01-19T09:15:00+00:00,2026-01-19T09:12:00+00:00,2026-01-19T09:12:00+00:00,2026-01-19T09:12:00+00:00,AirAsia,AK,AXM,3523,AK3523,AXM3523,,,,,880845,,,,,,,,2026-01-19,15.226944,103.25528,2026-01-19 08:00:00+00:00,1.659518
2026-01-19,landed,,Roi Et Airport,Asia/Bangkok,ROI,VTUV,,,,2026-01-19T08:25:00+00:00,2026-01-19 08:25:00+00:00,2026-01-19T08:29:00+00:00,2026-01-19T08:29:00+00:00,2026-01-19T08:29:00+00:00,Don Muang,Asia/Bangkok,DMK,VTBD,2,,,2026-01-19T09:25:00+00:00,,2026-01-19T09:10:00+00:00,2026-01-19T09:10:00+00:00,2026-01-19T09:10:00+00:00,2026-01-19T09:10:00+00:00,AirAsia,AK,AXM,3567,AK3567,AXM3567,,,,,88084C,,,,,,,,2026-01-19,16.115278,103.77695,2026-01-19 08:00:00+00:00,4.7657523
2026-01-19,landed,,Chengdu Tianfu International Airport,Asia/Chongqing,TFU,ZUTF,1,C,,2026-01-19T08:30:00+00:00,2026-01-19 08:30:00+00:00,2026-01-19T08:44:00+00:00,2026-01-19T08:44:00+00:00,2026-01-19T08:44:00+00:00,Seoul (Incheon),Asia/Seoul,ICN,RKSI,1,43,16,2026-01-19T12:55:00+00:00,,2026-01-19T12:34:00+00:00,2026-01-19T12:41:00+00:00,2026-01-19T12:41:00+00:00,2026-01-19T12:41:00+00:00,Asiana Airlines,OZ,AAR,6832,OZ6832,AAR6832,,,,,7804BE,air china ltd,ca,cca,401,ca401,cca401,,2026-01-19,30.319,104.445,2026-01-19 08:00:00+00:00,21.0846
2026-01-19,landed,,Suvarnabhumi International,Asia/Bangkok,BKK,VTBS,,A9,,2026-01-19T08:30:00+00:00,2026-01-19 08:30:00+00:00,2026-01-19T08:48:00+00:00,2026-01-19T08:48:00+00:00,2026-01-19T08:48:00+00:00,Udon Thani,Asia/Bangkok,UTH,VTUD,2,,,2026-01-19T09:40:00+00:00,,2026-01-19T09:41:00+00:00,2026-01-19T09:40:00+00:00,2026-01-19T09:40:00+00:00,2026-01-19T09:40:00+00:00,VietJet Air,VJ,VJC,200,VJ200,VJC200,,,,,885B46,,,,,,,,2026-01-19,13.693062,100.752045,2026-01-19 08:00:00+00:00,9.708326
2026-01-19,landed,,Phitsanulok,Asia/Bangkok,PHS,VTPP,,,,2026-01-19T08:30:00+00:00,2026-01-19 08:30:00+00:00,2026-01-19T08:48:00+00:00,2026-01-19T08:48:00+00:00,2026-01-19T08:48:00+00:00,Don Muang,Asia/Bangkok,DMK,VTBD,2,,,2026-01-19T09:25:00+00:00,,2026-01-19T09:26:00+00:00,2026-01-19T09:24:00+00:00,2026-01-19T09:24:00+00:00,2026-01-19T09:24:00+00:00,AirAsia,AK,AXM,3309,AK3309,AXM3309,,,,,880443,,,,,,,,2026-01-19,16.771307,100.2812,2026-01-19 08:00:00+00:00,6.037383
2026-01-19,landed,,Suvarnabhumi International,Asia/Bangkok,BKK,VTBS,,B3,,2026-01-19T08:40:00+00:00,2026-01-19 08:40:00+00:00,2026-01-19T08:52:00+00:00,2026-01-19T08:52:00+00:00,2026-01-19T08:52:00+00:00,Chiang Mai International,Asia/Bangkok,CNX,VTCC,,,,2026-01-19T10:05:00+00:00,,2026-01-19T09:50:00+00:00,2026-01-19T09:50:00+00:00,2026-01-19T09:50:00+00:00,2026-01-19T09:50:00+00:00,VietJet Air,VJ,VJC,2114,VJ2114,VJC2114,,,,,885B41,,,,,,,,2026-01-19,13.693062,100.752045,2026-01-19 09:00:00+00:00,12.904882
2026-01-19,landed,,Krabi,Asia/Bangkok,KBV,VTSG,,,5.0,2026-01-19T08:50:00+00:00,2026-01-19 08:50:00+00:00,2026-01-19T09:13:00+00:00,2026-01-19T09:13:00+00:00,2026-01-19T09:13:00+00:00,Don Muang,Asia/Bangkok,DMK,VTBD,2,,,2026-01-19T10:15:00+00:00,5.0,2026-01-19T10:19:00+00:00,2026-01-19T10:20:00+00:00,2026-01-19T10:20:00+00:00,2026-01-19T10:20:00+00:00,AirAsia,AK,AXM,3222,AK3222,AXM3222,,,,,88045A,,,,,,,,2026-01-19,8.097281,98.98062,2026-01-19 09:00:00+00:00,6.015878
2026-01-19,landed,,Cagayan De Oro Domestic Airport,Asia/Manila,CGY,RPMY,,,23.0,2026-01-19T08:55:00+00:00,2026-01-19 08:55:00+00:00,2026-01-19T09:29:00+00:00,2026-01-19T09:29:00+00:00,2026-01-19T09:29:00+00:00,Mactan-Cebu International,Asia/Manila,CEB,RPVM,1,,,2026-01-19T09:55:00+00:00,23.0,2026-01-19T10:19:00+00:00,2026-01-19T10:18:00+00:00,2026-01-19T10:18:00+00:00,2026-01-19T10:18:00+00:00,Cebu Pacific Air,5J,CEB,6718,5J6718,CEB6718,,,,,758511,,,,,,,,2026-01-19,8.407744,124.61157,2026-01-19 09:00:00+00:00,9.361731
2026-01-19,landed,,Khon Kaen,Asia/Bangkok,KKC,VTUK,,,,2026-01-19T08:55:00+00:00,2026-01-19 08:55:00+00:00,2026-01-19T08:53:00+00:00,2026-01-19T08:53:00+00:00,2026-01-19T08:53:00+00:00,Chiang Mai International,Asia/Bangkok,CNX,VTCC,,,,2026-01-19T10:00:00+00:00,,2026-01-19T09:39:00+00:00,2026-01-19T09:39:00+00:00,2026-01-19T09:39:00+00:00,2026-01-19T09:39:00+00:00,AirAsia,AK,AXM,5503,AK5503,AXM5503,,,,,880455,,,,,,,,2026-01-19,16.46467,102.78749,2026-01-19 09:00:00+00:00,1.5484185
2026-01-19,landed,,Da Nang,Asia/Ho_Chi_Minh,DAD,VVDN,1,,,2026-01-19T09:00:00+00:00,2026-01-19 09:00:00+00:00,2026-01-19T09:17:00+00:00,2026-01-19T09:17:00+00:00,2026-01-19T09:17:00+00:00,Tan Son Nhat International,Asia/Ho_Chi_Minh,SGN,VVTS,3,,,2026-01-19T10:30:00+00:00,,2026-01-19T10:17:00+00:00,2026-01-19T10:17:00+00:00,2026-01-19T10:17:00+00:00,2026-01-19T10:17:00+00:00,JSC Avion Express,X9,NVD,109,X9109,NVD109,,,,,4D23B8,,,,,,,,2026-01-19,16.055399,108.20298,2026-01-19 09:00:00+00:00,10.094454
2026-01-19,landed,,Chengdu Tianfu International Airport,Asia/Chongqing,TFU,ZUTF,2,227,,2026-01-19T09:00:00+00:00,2026-01-19 09:00:00+00:00,2026-01-19T09:07:00+00:00,2026-01-19T09:07:00+00:00,2026-01-19T09:07:00+00:00,Beijing Daxing International Airport,+8,PKX,ZBAD,,,35,2026-01-19T11:35:00+00:00,,2026-01-19T11:08:00+00:00,2026-01-19T11:13:00+00:00,2026-01-19T11:13:00+00:00,2026-01-19T11:13:00+00:00,China Eastern Airlines,MU,CES,8070,MU8070,CES8070,,,,,78160A,china united airlines,kn,cua,5158,kn5158,cua5158,,2026-01-19,30.319,104.445,2026-01-19 09:00:00+00:00,20.212965
2026-01-19,landed,,Krabi,Asia/Bangkok,KBV,VTSG,,,,2026-01-19T09:00:00+00:00,2026-01-19 09:00:00+00:00,2026-01-19T09:07:00+00:00,2026-01-19T09:07:00+00:00,2026-01-19T09:07:00+00:00,Suvarnabhumi International,Asia/Bangkok,BKK,VTBS,1,A2,3,2026-01-19T10:25:00+00:00,,2026-01-19T10:13:00+00:00,2026-01-19T10:15:00+00:00,2026-01-19T10:15:00+00:00,2026-01-19T10:15:00+00:00,VietJet Air,VJ,VJC,341,VJ341,VJC341,,,,,885B47,,,,,,,,2026-01-19,8.097281,98.98062,2026-01-19 09:00:00+00:00,6.015878
2026-01-19,landed,,Chengdu Tianfu International Airport,Asia/Chongqing,TFU,ZUTF,2,48,,2026-01-19T09:00:00+00:00,2026-01-19 09:00:00+00:00,2026-01-19T09:16:00+00:00,2026-01-19T09:16:00+00:00,2026-01-19T09:16:00+00:00,Beijing Capital International,Asia/Shanghai,PEK,ZBAA,2,,15,2026-01-19T11:45:00+00:00,,2026-01-19T11:20:00+00:00,2026-01-19T11:25:00+00:00,2026-01-19T11:25:00+00:00,2026-01-19T11:25:00+00:00,Lucky Air,8L,LKE,7148,8L7148,LKE7148,,,,,7811F0,hainan airlines,hu,chh,7148,hu7148,chh7148,,2026-01-19,30.319,104.445,2026-01-19 09:00:00+00:00,20.212965
2026-01-19,scheduled,,Bhubaneswar,Asia/Kolkata,BBI,VEBS,1,,,2026-01-19T09:05:00+00:00,2026-01-19 09:05:00+00:00,,,,Hyderabad Airport,Asia/Kolkata,HYD,VOHS,,,7,2026-01-19T10:50:00+00:00,,,,,,IndiGo,6E,IGO,718,6E718,IGO718,,,,,8014B3,,,,,,,,2026-01-19,20.252853,85.81738,2026-01-19 09:00:00+00:00,4.3573384
2026-01-19,landed,,Techo International Airport,Asia/Phnom_Penh,KTI,VDTI,,,4.0,2026-01-19T09:10:00+00:00,2026-01-19 09:10:00+00:00,2026-01-19T09:21:00+00:00,2026-01-19T09:21:00+00:00,2026-01-19T09:21:00+00:00,Don Muang,Asia/Bangkok,DMK,VTBD,1,,,2026-01-19T10:20:00+00:00,4.0,2026-01-19T10:24:00+00:00,2026-01-19T10:24:00+00:00,2026-01-19T10:24:00+00:00,2026-01-19T10:24:00+00:00,AirAsia,AK,AXM,609,AK609,AXM609,,,,,880458,,,,,,,,2026-01-19,11.362917,104.916611,2026-01-19 09:00:00+00:00,8.452336
2026-01-19,landed,,Mirnyj,Asia/Yakutsk,MJZ,UERR,,,40.0,2026-01-19T09:10:00+00:00,2026-01-19 09:10:00+00:00,2026-01-19T10:02:00+00:00,2026-01-19T10:02:00+00:00,2026-01-19T10:02:00+00:00,Tolmachevo,Asia/Novosibirsk,OVB,UNNT,,,,2026-01-19T10:00:00+00:00,40.0,,2026-01-19T10:40:00+00:00,2026-01-19T10:40:00+00:00,2026-01-19T10:40:00+00:00,Mirny Air Enterprise,6R,DRU,589,6R589,DRU589,,,,,151E30,,,,,,,,2026-01-19,62.533333,114.03333,2026-01-19 09:00:00+00:00,11.032987
2026-01-19,landed,,Khon Kaen,Asia/Bangkok,KKC,VTUK,,,,2026-01-19T09:15:00+00:00,2026-01-19 09:15:00+00:00,2026-01-19T09:11:00+00:00,2026-01-19T09:11:00+00:00,2026-01-19T09:11:00+00:00,Don Muang,Asia/Bangkok,DMK,VTBD,2,,,2026-01-19T10:15:00+00:00,,2026-01-19T09:52:00+00:00,2026-01-19T09:54:00+00:00,2026-01-19T09:54:00+00:00,2026-01-19T09:54:00+00:00,AirAsia,AK,AXM,3251,AK3251,AXM3251,,,,,881427,,,,,,,,2026-01-19,16.46467,102.78749,2026-01-19 09:00:00+00:00,1.5484185
2026-01-19,landed,,,,SZH,ZBSG,,2,,2026-01-19T09:20:00+00:00,2026-01-19 09:20:00+00:00,2026-01-19T09:11:00+00:00,2026-01-19T09:11:00+00:00,2026-01-19T09:11:00+00:00,Changsha,Asia/Shanghai,CSX,ZGHA,2,,4,2026-01-19T12:00:00+00:00,,2026-01-19T11:16:00+00:00,2026-01-19T11:19:00+00:00,2026-01-19T11:19:00+00:00,2026-01-19T11:19:00+00:00,Loong Air,GJ,CDC,5835,GJ5835,CDC5835,,,,,78194B,china express air,g5,hxa,4551,g54551,hxa4551,,2026-01-19,,,,
2026-01-19,landed,,,,SZH,ZBSG,,2,,2026-01-19T09:20:00+00:00,2026-01-19 09:20:00+00:00,2026-01-19T09:11:00+00:00,2026-01-19T09:11:00+00:00,2026-01-19T09:11:00+00:00,Changsha,Asia/Shanghai,CSX,ZGHA,2,,4,2026-01-19T12:00:00+00:00,,2026-01-19T11:16:00+00:00,2026-01-19T11:19:00+00:00,2026-01-19T11:19:00+00:00,2026-01-19T11:19:00+00:00,Sichuan Airlines,3U,CSC,4289,3U4289,CSC4289,,,,,78194B,china express air,g5,hxa,4551,g54551,hxa4551,,2026-01-19,,,,
2026-01-19,landed,,Singapore Changi,Asia/Singapore,SIN,WSSS,2,E28,,2026-01-19T09:20:00+00:00,2026-01-19 09:20:00+00:00,2026-01-19T09:45:00+00:00,2026-01-19T09:45:00+00:00,2026-01-19T09:45:00+00:00,Soekarno-Hatta International,Asia/Jakarta,CGK,WIII,3,,,2026-01-19T10:15:00+00:00,,2026-01-19T09:57:00+00:00,2026-01-19T10:00:00+00:00,2026-01-19T10:00:00+00:00,2026-01-19T10:00:00+00:00,Garuda Indonesia,GA,GIA,8956,GA8956,GIA8956,,,,,76CDB0,singapore airlines,sq,sia,956,sq956,sia956,,2026-01-19,1.361173,103.990204,2026-01-19 09:00:00+00:00,13.3649235
2026-01-19,landed,,,,SZH,ZBSG,,2,,2026-01-19T09:20:00+00:00,2026-01-19 09:20:00+00:00,2026-01-19T09:11:00+00:00,2026-01-19T09:11:00+00:00,2026-01-19T09:11:00+00:00,Changsha,Asia/Shanghai,CSX,ZGHA,2,,4,2026-01-19T12:00:00+00:00,,2026-01-19T11:16:00+00:00,2026-01-19T11:19:00+00:00,2026-01-19T11:19:00+00:00,2026-01-19T11:19:00+00:00,Shandong Airlines,SC,CDG,3855,SC3855,CDG3855,,,,,78194B,china express air,g5,hxa,4551,g54551,hxa4551,,2026-01-19,,,,
2026-01-19,landed,,Singapore Changi,Asia/Singapore,SIN,WSSS,2,E28,,2026-01-19T09:20:00+00:00,2026-01-19 09:20:00+00:00,2026-01-19T09:45:00+00:00,2026-01-19T09:45:00+00:00,2026-01-19T09:45:00+00:00,Soekarno-Hatta International,Asia/Jakarta,CGK,WIII,3,,,2026-01-19T10:15:00+00:00,,2026-01-19T09:57:00+00:00,2026-01-19T10:00:00+00:00,2026-01-19T10:00:00+00:00,2026-01-19T10:00:00+00:00,Air India,AI,AIC,8126,AI8126,AIC8126,,,,,76CDB0,singapore airlines,sq,sia,956,sq956,sia956,,2026-01-19,1.361173,103.990204,2026-01-19 09:00:00+00:00,13.3649235
2026-01-19,landed,,Singapore Changi,Asia/Singapore,SIN,WSSS,2,E28,,2026-01-19T09:20:00+00:00,2026-01-19 09:20:00+00:00,2026-01-19T09:45:00+00:00,2026-01-19T09:45:00+00:00,2026-01-19T09:45:00+00:00,Soekarno-Hatta International,Asia/Jakarta,CGK,WIII,3,,,2026-01-19T10:15:00+00:00,,2026-01-19T09:57:00+00:00,2026-01-19T10:00:00+00:00,2026-01-19T10:00:00+00:00,2026-01-19T10:00:00+00:00,SWISS,LX,SWR,9010,LX9010,SWR9010,,,,,76CDB0,singapore airlines,sq,sia,956,sq956,sia956,,2026-01-19,1.361173,103.990204,2026-01-19 09:00:00+00:00,13.3649235
2026-01-19,landed,,Singapore Changi,Asia/Singapore,SIN,WSSS,2,E28,,2026-01-19T09:20:00+00:00,2026-01-19 09:20:00+00:00,2026-01-19T09:45:00+00:00,2026-01-19T09:45:00+00:00,2026-01-19T09:45:00+00:00,Soekarno-Hatta International,Asia/Jakarta,CGK,WIII,3,,,2026-01-19T10:15:00+00:00,,2026-01-19T09:57:00+00:00,2026-01-19T10:00:00+00:00,2026-01-19T10:00:00+00:00,2026-01-19T10:00:00+00:00,SAS,SK,SAS,8033,SK8033,SAS8033,,,,,76CDB0,singapore airlines,sq,sia,956,sq956,sia956,,2026-01-19,1.361173,103.990204,2026-01-19 09:00:00+00:00,13.3649235
2026-01-19,landed,,,,SZH,ZBSG,,2,,2026-01-19T09:20:00+00:00,2026-01-19 09:20:00+00:00,2026-01-19T09:11:00+00:00,2026-01-19T09:11:00+00:00,2026-01-19T09:11:00+00:00,Changsha,Asia/Shanghai,CSX,ZGHA,2,,4,2026-01-19T12:00:00+00:00,,2026-01-19T11:16:00+00:00,2026-01-19T11:19:00+00:00,2026-01-19T11:19:00+00:00,2026-01-19T11:19:00+00:00,Xiamen Airlines,MF,CXA,2687,MF2687,CXA2687,,,,,78194B,china express air,g5,hxa,4551,g54551,hxa4551,,2026-01-19,,,,
2026-01-19,landed,,Ranong,Asia/Bangkok,UNN,VTSR,,,,2026-01-19T09:20:00+00:00,2026-01-19 09:20:00+00:00,2026-01-19T09:26:00+00:00,2026-01-19T09:26:00+00:00,2026-01-19T09:26:00+00:00,Don Muang,Asia/Bangkok,DMK,VTBD,2,,,2026-01-19T10:40:00+00:00,,2026-01-19T10:21:00+00:00,2026-01-19T10:22:00+00:00,2026-01-19T10:22:00+00:00,2026-01-19T10:22:00+00:00,AirAsia,AK,AXM,3141,AK3141,AXM3141,,,,,880C48,,,,,,,,2026-01-19,9.852778,98.629166,2026-01-19 09:00:00+00:00,8.836514
2026-01-19,landed,,Singapore Changi,Asia/Singapore,SIN,WSSS,2,E28,,2026-01-19T09:20:00+00:00,2026-01-19 09:20:00+00:00,2026-01-19T09:45:00+00:00,2026-01-19T09:45:00+00:00,2026-01-19T09:45:00+00:00,Soekarno-Hatta International,Asia/Jakarta,CGK,WIII,3,,,2026-01-19T10:15:00+00:00,,2026-01-19T09:57:00+00:00,2026-01-19T10:00:00+00:00,2026-01-19T10:00:00+00:00,2026-01-19T10:00:00+00:00,United Airlines,UA,UAL,7677,UA7677,UAL7677,,,,,76CDB0,singapore airlines,sq,sia,956,sq956,sia956,,2026-01-19,1.361173,103.990204,2026-01-19 09:00:00+00:00,13.3649235
2026-01-19,landed,,Singapore Changi,Asia/Singapore,SIN,WSSS,2,E28,,2026-01-19T09:20:00+00:00,2026-01-19 09:20:00+00:00,2026-01-19T09:45:00+00:00,2026-01-19T09:45:00+00:00,2026-01-19T09:45:00+00:00,Soekarno-Hatta International,Asia/Jakarta,CGK,WIII,3,,,2026-01-19T10:15:00+00:00,,2026-01-19T09:57:00+00:00,2026-01-19T10:00:00+00:00,2026-01-19T10:00:00+00:00,2026-01-19T10:00:00+00:00,ANA,NH,ANA,6272,NH6272,ANA6272,,,,,76CDB0,singapore airlines,sq,sia,956,sq956,sia956,,2026-01-19,1.361173,103.990204,2026-01-19 09:00:00+00:00,13.3649235
2026-01-19,landed,,Singapore Changi,Asia/Singapore,SIN,WSSS,2,E28,,2026-01-19T09:20:00+00:00,2026-01-19 09:20:00+00:00,2026-01-19T09:45:00+00:00,2026-01-19T09:45:00+00:00,2026-01-19T09:45:00+00:00,Soekarno-Hatta International,Asia/Jakarta,CGK,WIII,3,,,2026-01-19T10:15:00+00:00,,2026-01-19T09:57:00+00:00,2026-01-19T10:00:00+00:00,2026-01-19T10:00:00+00:00,2026-01-19T10:00:00+00:00,Virgin Australia,VA,VOZ,5824,VA5824,VOZ5824,,,,,76CDB0,singapore airlines,sq,sia,956,sq956,sia956,,2026-01-19,1.361173,103.990204,2026-01-19 09:00:00+00:00,13.3649235
2026-01-19,landed,,Polonia,Asia/Jakarta,KNO,WIMM,,,,2026-01-19T09:25:00+00:00,2026-01-19 09:25:00+00:00,2026-01-19T09:33:00+00:00,2026-01-19T09:33:00+00:00,2026-01-19T09:33:00+00:00,Kuala Lumpur International Airport (klia),Asia/Kuala_Lumpur,KUL,WMKK,2,Q7,10,2026-01-19T11:30:00+00:00,,2026-01-19T11:06:00+00:00,2026-01-19T11:13:00+00:00,2026-01-19T11:13:00+00:00,2026-01-19T11:13:00+00:00,AirAsia,AK,AXM,120,AK120,AXM120,,,,,8A09B8,,,,,,,,2026-01-19,,,,
2026-01-19,landed,,Suvarnabhumi International,Asia/Bangkok,BKK,VTBS,,B2B,,2026-01-19T09:25:00+00:00,2026-01-19 09:25:00+00:00,2026-01-19T09:46:00+00:00,2026-01-19T09:46:00+00:00,2026-01-19T09:46:00+00:00,Chiang Mai International,Asia/Bangkok,CNX,VTCC,,,,2026-01-19T10:45:00+00:00,,2026-01-19T10:44:00+00:00,2026-01-19T10:43:00+00:00,2026-01-19T10:43:00+00:00,2026-01-19T10:43:00+00:00,VietJet Air,VJ,VJC,116,VJ116,VJC116,,,,,885B44,,,,,,,,2026-01-19,13.693062,100.752045,2026-01-19 09:00:00+00:00,12.904882
2026-01-19,landed,,Ngurah Rai International,Asia/Makassar,DPS,WADD,I,E1,,2026-01-19T09:25:00+00:00,2026-01-19 09:25:00+00:00,2026-01-19T09:23:00+00:00,2026-01-19T09:23:00+00:00,2026-01-19T09:23:00+00:00,Singapore Changi,Asia/Singapore,SIN,WSSS,4,G1,3,2026-01-19T12:05:00+00:00,,2026-01-19T11:38:00+00:00,2026-01-19T11:41:00+00:00,2026-01-19T11:41:00+00:00,2026-01-19T11:41:00+00:00,AirAsia,AK,AXM,504,AK504,AXM504,,,,,8A03F4,,,,,,,,2026-01-19,-8.74446,115.16331,2026-01-19 09:00:00+00:00,27.419146
2026-01-19,landed,,Francisco Reyes,Asia/Manila,USU,RPVV,,,15.0,2026-01-19T09:30:00+00:00,2026-01-19 09:30:00+00:00,2026-01-19T09:47:00+00:00,2026-01-19T09:47:00+00:00,2026-01-19T09:47:00+00:00,Mactan-Cebu International,Asia/Manila,CEB,RPVM,1,,,2026-01-19T11:10:00+00:00,15.0,2026-01-19T11:22:00+00:00,2026-01-19T11:25:00+00:00,2026-01-19T11:25:00+00:00,2026-01-19T11:25:00+00:00,Cebu Pacific Air,5J,CEB,6069,5J6069,CEB6069,,,,,7585A0,,,,,,,,2026-01-19,12.1,120.166664,2026-01-19 09:00:00+00:00,8.777654
2026-01-19,landed,,Singapore Changi,Asia/Singapore,SIN,WSSS,1,C11,19.0,2026-01-19T09:30:00+00:00,2026-01-19 09:30:00+00:00,2026-01-19T10:21:00+00:00,2026-01-19T10:21:00+00:00,2026-01-19T10:21:00+00:00,Soekarno-Hatta International,Asia/Jakarta,CGK,WIII,2,,,2026-01-19T10:25:00+00:00,19.0,2026-01-19T10:41:00+00:00,2026-01-19T10:44:00+00:00,2026-01-19T10:44:00+00:00,2026-01-19T10:44:00+00:00,Singapore Airlines,SQ,SIA,8590,SQ8590,SIA8590,,,,,76D256,scoot,tr,tgw,276,tr276,tgw276,,2026-01-19,1.361173,103.990204,2026-01-19 09:00:00+00:00,13.3649235
2026-01-19,landed,,Pagadian,Asia/Manila,PAG,RPMP,,,,2026-01-19T09:30:00+00:00,2026-01-19 09:30:00+00:00,2026-01-19T09:28:00+00:00,2026-01-19T09:28:00+00:00,2026-01-19T09:28:00+00:00,Mactan-Cebu International,Asia/Manila,CEB,RPVM,1,,,2026-01-19T10:40:00+00:00,,2026-01-19T10:21:00+00:00,2026-01-19T10:21:00+00:00,2026-01-19T10:21:00+00:00,2026-01-19T10:21:00+00:00,Cebu Pacific Air,5J,CEB,6642,5J6642,CEB6642,,,,,75840B,,,,,,,,2026-01-19,7.826667,123.4575,2026-01-19 09:00:00+00:00,6.1437774
2026-01-19,landed,,Sayak Airport,Asia/Manila,IAO,RPNS,,,,2026-01-19T09:35:00+00:00,2026-01-19 09:35:00+00:00,2026-01-19T09:30:00+00:00,2026-01-19T09:30:00+00:00,2026-01-19T09:30:00+00:00,Mactan-Cebu International,Asia/Manila,CEB,RPVM,1,,,2026-01-19T10:40:00+00:00,,2026-01-19T10:15:00+00:00,2026-01-19T10:16:00+00:00,2026-01-19T10:16:00+00:00,2026-01-19T10:16:00+00:00,Cebu Pacific Air,5J,CEB,6850,5J6850,CEB6850,,,,,758543,,,,,,,,2026-01-19,9.858889,126.013885,2026-01-19 10:00:00+00:00,6.6624317
2026-01-19,landed,,Singapore Changi,Asia/Singapore,SIN,WSSS,3,A21,,2026-01-19T09:35:00+00:00,2026-01-19 09:35:00+00:00,2026-01-19T09:55:00+00:00,2026-01-19T09:55:00+00:00,2026-01-19T09:55:00+00:00,Soekarno-Hatta International,Asia/Jakarta,CGK,WIII,3,,,2026-01-19T10:35:00+00:00,,2026-01-19T10:25:00+00:00,2026-01-19T10:26:00+00:00,2026-01-19T10:26:00+00:00,2026-01-19T10:26:00+00:00,Singapore Airlines,SQ,SIA,5565,SQ5565,SIA5565,,,,,8A0244,garuda indonesia,ga,gia,825,ga825,gia825,,2026-01-19,1.361173,103.990204,2026-01-19 10:00:00+00:00,16.276815
2026-01-19,landed,,Singapore Changi,Asia/Singapore,SIN,WSSS,3,A21,,2026-01-19T09:35:00+00:00,2026-01-19 09:35:00+00:00,2026-01-19T09:55:00+00:00,2026-01-19T09:55:00+00:00,2026-01-19T09:55:00+00:00,Soekarno-Hatta International,Asia/Jakarta,CGK,WIII,3,,,2026-01-19T10:35:00+00:00,,2026-01-19T10:25:00+00:00,2026-01-19T10:26:00+00:00,2026-01-19T10:26:00+00:00,2026-01-19T10:26:00+00:00,Vietnam Airlines,VN,HVN,3283,VN3283,HVN3283,,,,,8A0244,garuda indonesia,ga,gia,825,ga825,gia825,,2026-01-19,1.361173,103.990204,2026-01-19 10:00:00+00:00,16.276815
2026-01-19,landed,,Singapore Changi,Asia/Singapore,SIN,WSSS,4,1,,2026-01-19T09:35:00+00:00,2026-01-19 09:35:00+00:00,2026-01-19T09:36:00+00:00,2026-01-19T09:36:00+00:00,2026-01-19T09:36:00+00:00,Sultan Abdul Aziz Shah,Asia/Kuala_Lumpur,SZB,WMSA,,,,2026-01-19T10:40:00+00:00,,2026-01-19T10:19:00+00:00,2026-01-19T10:19:00+00:00,2026-01-19T10:19:00+00:00,2026-01-19T10:19:00+00:00,Batik Air,ID,BTK,811,ID811,BTK811,,,,,75058B,,,,,,,,2026-01-19,1.361173,103.990204,2026-01-19 10:00:00+00:00,16.276815
2026-01-19,landed,,Singapore Changi,Asia/Singapore,SIN,WSSS,3,A21,,2026-01-19T09:35:00+00:00,2026-01-19 09:35:00+00:00,2026-01-19T09:55:00+00:00,2026-01-19T09:55:00+00:00,2026-01-19T09:55:00+00:00,Soekarno-Hatta International,Asia/Jakarta,CGK,WIII,3,,,2026-01-19T10:35:00+00:00,,2026-01-19T10:25:00+00:00,2026-01-19T10:26:00+00:00,2026-01-19T10:26:00+00:00,2026-01-19T10:26:00+00:00,Etihad Airways,EY,ETD,7065,EY7065,ETD7065,,,,,8A0244,garuda indonesia,ga,gia,825,ga825,gia825,,2026-01-19,1.361173,103.990204,2026-01-19 10:00:00+00:00,16.276815
2026-01-19,scheduled,,Sola,Europe/Oslo,SVG,ENZV,,,,2026-01-19T09:35:00+00:00,2026-01-19 09:35:00+00:00,,,,Gardermoen,Europe/Oslo,OSL,ENGM,,,,2026-01-19T10:48:00+00:00,,,,,,SAS,SK,SAS,,SK,SAS,,,,,47BB0A,,,,,,,,2026-01-19,58.88215,5.629197,2026-01-19 10:00:00+00:00,9.826088
2026-01-19,landed,,Singapore Changi,Asia/Singapore,SIN,WSSS,3,A21,,2026-01-19T09:35:00+00:00,2026-01-19 09:35:00+00:00,2026-01-19T09:55:00+00:00,2026-01-19T09:55:00+00:00,2026-01-19T09:55:00+00:00,Soekarno-Hatta International,Asia/Jakarta,CGK,WIII,3,,,2026-01-19T10:35:00+00:00,,2026-01-19T10:25:00+00:00,2026-01-19T10:26:00+00:00,2026-01-19T10:26:00+00:00,2026-01-19T10:26:00+00:00,Oman Air,WY,OMA,5795,WY5795,OMA5795,,,,,8A0244,garuda indonesia,ga,gia,825,ga825,gia825,,2026-01-19,1.361173,103.990204,2026-01-19 10:00:00+00:00,16.276815
2026-01-19,landed,,Ngurah Rai International,Asia/Makassar,DPS,WADD,D,17,,2026-01-19T09:40:00+00:00,2026-01-19 09:40:00+00:00,2026-01-19T09:48:00+00:00,2026-01-19T09:48:00+00:00,2026-01-19T09:48:00+00:00,Soekarno-Hatta International,Asia/Jakarta,CGK,WIII,2,,,2026-01-19T10:30:00+00:00,,2026-01-19T10:12:00+00:00,2026-01-19T10:12:00+00:00,2026-01-19T10:12:00+00:00,2026-01-19T10:12:00+00:00,AirAsia,AK,AXM,803,AK803,AXM803,,,,,8A0394,,,,,,,,2026-01-19,-8.74446,115.16331,2026-01-19 10:00:00+00:00,25.390211
2026-01-19,scheduled,,Schiphol,Europe/Amsterdam,AMS,EHAM,,D27,,2026-01-19T09:45:00+00:00,2026-01-19 09:45:00+00:00,,,,Edinburgh,Europe/London,EDI,EGPH,,,7,2026-01-19T10:15:00+00:00,,,,,,Virgin Atlantic,VS,VIR,6976,VS6976,VIR6976,,,,,484161,klm,kl,klm,925,kl925,klm925,,2026-01-19,52.30907,4.763385,2026-01-19 10:00:00+00:00,9.693296
2026-01-19,scheduled,,Schiphol,Europe/Amsterdam,AMS,EHAM,,D27,,2026-01-19T09:45:00+00:00,2026-01-19 09:45:00+00:00,,,,Edinburgh,Europe/London,EDI,EGPH,,,7,2026-01-19T10:15:00+00:00,,,,,,SAS,SK,SAS,6732,SK6732,SAS6732,,,,,484161,klm,kl,klm,925,kl925,klm925,,2026-01-19,52.30907,4.763385,2026-01-19 10:00:00+00:00,9.693296
2026-01-19,scheduled,,Schiphol,Europe/Amsterdam,AMS,EHAM,,D27,,2026-01-19T09:45:00+00:00,2026-01-19 09:45:00+00:00,,,,Edinburgh,Europe/London,EDI,EGPH,,,7,2026-01-19T10:15:00+00:00,,,,,,Xiamen Airlines,MF,CXA,9753,MF9753,CXA9753,,,,,484161,klm,kl,klm,925,kl925,klm925,,2026-01-19,52.30907,4.763385,2026-01-19 10:00:00+00:00,9.693296
2026-01-19,scheduled,,Schiphol,Europe/Amsterdam,AMS,EHAM,,D27,,2026-01-19T09:45:00+00:00,2026-01-19 09:45:00+00:00,,,,Edinburgh,Europe/London,EDI,EGPH,,,7,2026-01-19T10:15:00+00:00,,,,,,Delta Air Lines,DL,DAL,9164,DL9164,DAL9164,,,,,484161,klm,kl,klm,925,kl925,klm925,,2026-01-19,52.30907,4.763385,2026-01-19 10:00:00+00:00,9.693296
2026-01-19,scheduled,,Schiphol,Europe/Amsterdam,AMS,EHAM,,D27,,2026-01-19T09:45:00+00:00,2026-01-19 09:45:00+00:00,,,,Edinburgh,Europe/London,EDI,EGPH,,,7,2026-01-19T10:15:00+00:00,,,,,,Air Baltic,BT,BTI,6020,BT6020,BTI6020,,,,,484161,klm,kl,klm,925,kl925,klm925,,2026-01-19,52.30907,4.763385,2026-01-19 10:00:00+00:00,9.693296
2026-01-19,scheduled,,Charles De Gaulle,Europe/Paris,CDG,LFPG,2E,E04,,2026-01-19T09:50:00+00:00,2026-01-19 09:50:00+00:00,,,,Edinburgh,Europe/London,EDI,EGPH,,,7,2026-01-19T10:40:00+00:00,,,,,,SAS,SK,SAS,9748,SK9748,SAS9748,,,,,39E698,air france,af,afr,1686,af1686,afr1686,,2026-01-19,49.003197,2.567023,2026-01-19 10:00:00+00:00,7.7879906
2026-01-19,scheduled,,Charles De Gaulle,Europe/Paris,CDG,LFPG,2E,E04,,2026-01-19T09:50:00+00:00,2026-01-19 09:50:00+00:00,,,,Edinburgh,Europe/London,EDI,EGPH,,,7,2026-01-19T10:40:00+00:00,,,,,,Air Europa,UX,AEA,2261,UX2261,AEA2261,,,,,39E698,air france,af,afr,1686,af1686,afr1686,,2026-01-19,49.003197,2.567023,2026-01-19 10:00:00+00:00,7.7879906
2026-01-19,scheduled,,Charles De Gaulle,Europe/Paris,CDG,LFPG,2E,E04,,2026-01-19T09:50:00+00:00,2026-01-19 09:50:00+00:00,,,,Edinburgh,Europe/London,EDI,EGPH,,,7,2026-01-19T10:40:00+00:00,,,,,,Saudia,SV,SVA,6404,SV6404,SVA6404,,,,,39E698,air france,af,afr,1686,af1686,afr1686,,2026-01-19,49.003197,2.567023,2026-01-19 10:00:00+00:00,7.7879906
2026-01-19,scheduled,,Charles De Gaulle,Europe/Paris,CDG,LFPG,2E,E04,,2026-01-19T09:50:00+00:00,2026-01-19 09:50:00+00:00,,,,Edinburgh,Europe/London,EDI,EGPH,,,7,2026-01-19T10:40:00+00:00,,,,,,China Eastern Airlines,MU,CES,1749,MU1749,CES1749,,,,,39E698,air france,af,afr,1686,af1686,afr1686,,2026-01-19,49.003197,2.567023,2026-01-19 10:00:00+00:00,7.7879906
2026-01-19,scheduled,,Charles De Gaulle,Europe/Paris,CDG,LFPG,2E,E04,,2026-01-19T09:50:00+00:00,2026-01-19 09:50:00+00:00,,,,Edinburgh,Europe/London,EDI,EGPH,,,7,2026-01-19T10:40:00+00:00,,,,,,Air Mauritius,MK,MAU,9370,MK9370,MAU9370,,,,,39E698,air france,af,afr,1686,af1686,afr1686,,2026-01-19,49.003197,2.567023,2026-01-19 10:00:00+00:00,7.7879906
2026-01-19,scheduled,,Charles De Gaulle,Europe/Paris,CDG,LFPG,2E,E04,,2026-01-19T09:50:00+00:00,2026-01-19 09:50:00+00:00,,,,Edinburgh,Europe/London,EDI,EGPH,,,7,2026-01-19T10:40:00+00:00,,,,,,Kenya Airways,KQ,KQA,3210,KQ3210,KQA3210,,,,,39E698,air france,af,afr,1686,af1686,afr1686,,2026-01-19,49.003197,2.567023,2026-01-19 10:00:00+00:00,7.7879906
2026-01-19,scheduled,,Charles De Gaulle,Europe/Paris,CDG,LFPG,2E,E04,,2026-01-19T09:50:00+00:00,2026-01-19 09:50:00+00:00,,,,Edinburgh,Europe/London,EDI,EGPH,,,7,2026-01-19T10:40:00+00:00,,,,,,Aeromexico,AM,AMX,5739,AM5739,AMX5739,,,,,39E698,air france,af,afr,1686,af1686,afr1686,,2026-01-19,49.003197,2.567023,2026-01-19 10:00:00+00:00,7.7879906
2026-01-19,scheduled,,Charles De Gaulle,Europe/Paris,CDG,LFPG,2E,E04,,2026-01-19T09:50:00+00:00,2026-01-19 09:50:00+00:00,,,,Edinburgh,Europe/London,EDI,EGPH,,,7,2026-01-19T10:40:00+00:00,,,,,,Korean Air,KE,KAL,6481,KE6481,KAL6481,,,,,39E698,air france,af,afr,1686,af1686,afr1686,,2026-01-19,49.003197,2.567023,2026-01-19 10:00:00+00:00,7.7879906
2026-01-19,scheduled,,Charles De Gaulle,Europe/Paris,CDG,LFPG,2E,E04,,2026-01-19T09:50:00+00:00,2026-01-19 09:50:00+00:00,,,,Edinburgh,Europe/London,EDI,EGPH,,,7,2026-01-19T10:40:00+00:00,,,,,,Delta Air Lines,DL,DAL,8592,DL8592,DAL8592,,,,,39E698,air france,af,afr,1686,af1686,afr1686,,2026-01-19,49.003197,2.567023,2026-01-19 10:00:00+00:00,7.7879906
2026-01-19,scheduled,,Charles De Gaulle,Europe/Paris,CDG,LFPG,2E,E04,,2026-01-19T09:50:00+00:00,2026-01-19 09:50:00+00:00,,,,Edinburgh,Europe/London,EDI,EGPH,,,7,2026-01-19T10:40:00+00:00,,,,,,Gol,G3,GLO,5112,G35112,GLO5112,,,,,39E698,air france,af,afr,1686,af1686,afr1686,,2026-01-19,49.003197,2.567023,2026-01-19 10:00:00+00:00,7.7879906
2026-01-19,scheduled,,Charles De Gaulle,Europe/Paris,CDG,LFPG,2E,E04,,2026-01-19T09:50:00+00:00,2026-01-19 09:50:00+00:00,,,,Edinburgh,Europe/London,EDI,EGPH,,,7,2026-01-19T10:40:00+00:00,,,,,,Virgin Atlantic,VS,VIR,6602,VS6602,VIR6602,,,,,39E698,air france,af,afr,1686,af1686,afr1686,,2026-01-19,49.003197,2.567023,2026-01-19 10:00:00+00:00,7.7879906
2026-01-19,landed,,Bangda,Asia/Shanghai,BPX,ZUBD,,1-3,,2026-01-19T10:00:00+00:00,2026-01-19 10:00:00+00:00,2026-01-19T09:57:00+00:00,2026-01-19T09:57:00+00:00,2026-01-19T09:57:00+00:00,Chongqing Jiangbei International,Asia/Shanghai,CKG,ZUCK,3,,2,2026-01-19T11:50:00+00:00,,2026-01-19T11:22:00+00:00,2026-01-19T11:25:00+00:00,2026-01-19T11:25:00+00:00,2026-01-19T11:25:00+00:00,Shenzhen Airlines,ZH,CSZ,3950,ZH3950,CSZ3950,,,,,7809D2,tibet airlines,tv,tba,9908,tv9908,tba9908,,2026-01-19,30.555834,97.10667,2026-01-19 10:00:00+00:00,16.947742
2026-01-19,landed,,Bangda,Asia/Shanghai,BPX,ZUBD,,1-3,,2026-01-19T10:00:00+00:00,2026-01-19 10:00:00+00:00,2026-01-19T09:57:00+00:00,2026-01-19T09:57:00+00:00,2026-01-19T09:57:00+00:00,Chongqing Jiangbei International,Asia/Shanghai,CKG,ZUCK,3,,2,2026-01-19T11:50:00+00:00,,2026-01-19T11:22:00+00:00,2026-01-19T11:25:00+00:00,2026-01-19T11:25:00+00:00,2026-01-19T11:25:00+00:00,Loong Air,GJ,CDC,5478,GJ5478,CDC5478,,,,,7809D2,tibet airlines,tv,tba,9908,tv9908,tba9908,,2026-01-19,30.555834,97.10667,2026-01-19 10:00:00+00:00,16.947742
2026-01-19,landed,,Bangda,Asia/Shanghai,BPX,ZUBD,,1-3,,2026-01-19T10:00:00+00:00,2026-01-19 10:00:00+00:00,2026-01-19T09:57:00+00:00,2026-01-19T09:57:00+00:00,2026-01-19T09:57:00+00:00,Chongqing Jiangbei International,Asia/Shanghai,CKG,ZUCK,3,,2,2026-01-19T11:50:00+00:00,,2026-01-19T11:22:00+00:00,2026-01-19T11:25:00+00:00,2026-01-19T11:25:00+00:00,2026-01-19T11:25:00+00:00,Kunming Airlines,KY,KNA,6744,KY6744,KNA6744,,,,,7809D2,tibet airlines,tv,tba,9908,tv9908,tba9908,,2026-01-19,30.555834,97.10667,2026-01-19 10:00:00+00:00,16.947742
2026-01-19,landed,,Bangda,Asia/Shanghai,BPX,ZUBD,,1-3,,2026-01-19T10:00:00+00:00,2026-01-19 10:00:00+00:00,2026-01-19T09:57:00+00:00,2026-01-19T09:57:00+00:00,2026-01-19T09:57:00+00:00,Chongqing Jiangbei International,Asia/Shanghai,CKG,ZUCK,3,,2,2026-01-19T11:50:00+00:00,,2026-01-19T11:22:00+00:00,2026-01-19T11:25:00+00:00,2026-01-19T11:25:00+00:00,2026-01-19T11:25:00+00:00,Chengdu Airlines,EU,UEA,7944,EU7944,UEA7944,,,,,7809D2,tibet airlines,tv,tba,9908,tv9908,tba9908,,2026-01-19,30.555834,97.10667,2026-01-19 10:00:00+00:00,16.947742
2026-01-19,landed,,Bangda,Asia/Shanghai,BPX,ZUBD,,1-3,,2026-01-19T10:00:00+00:00,2026-01-19 10:00:00+00:00,2026-01-19T09:57:00+00:00,2026-01-19T09:57:00+00:00,2026-01-19T09:57:00+00:00,Chongqing Jiangbei International,Asia/Shanghai,CKG,ZUCK,3,,2,2026-01-19T11:50:00+00:00,,2026-01-19T11:22:00+00:00,2026-01-19T11:25:00+00:00,2026-01-19T11:25:00+00:00,2026-01-19T11:25:00+00:00,Air China LTD,CA,CCA,3980,CA3980,CCA3980,,,,,7809D2,tibet airlines,tv,tba,9908,tv9908,tba9908,,2026-01-19,30.555834,97.10667,2026-01-19 10:00:00+00:00,16.947742
2026-01-19,landed,,Juwata,Asia/Makassar,TRK,WAQQ,,,,2026-01-19T10:00:00+00:00,2026-01-19 10:00:00+00:00,2026-01-19T10:00:00+00:00,2026-01-19T10:00:00+00:00,2026-01-19T10:00:00+00:00,"Sultan Aji Muhamad Sulaiman Airport
",,BPN,WALL,1,,,2026-01-19T11:15:00+00:00,,2026-01-19T10:48:00+00:00,2026-01-19T10:50:00+00:00,2026-01-19T10:50:00+00:00,2026-01-19T10:50:00+00:00,AirAsia,AK,AXM,771,AK771,AXM771,,,,,8A03F3,,,,,,,,2026-01-19,3.327222,117.56528,2026-01-19 10:00:00+00:00,10.694485
2026-01-19,landed,,Bangda,Asia/Shanghai,BPX,ZUBD,,1-3,,2026-01-19T10:00:00+00:00,2026-01-19 10:00:00+00:00,2026-01-19T09:57:00+00:00,2026-01-19T09:57:00+00:00,2026-01-19T09:57:00+00:00,Chongqing Jiangbei International,Asia/Shanghai,CKG,ZUCK,3,,2,2026-01-19T11:50:00+00:00,,2026-01-19T11:22:00+00:00,2026-01-19T11:25:00+00:00,2026-01-19T11:25:00+00:00,2026-01-19T11:25:00+00:00,Shandong Airlines,SC,CDG,6144,SC6144,CDG6144,,,,,7809D2,tibet airlines,tv,tba,9908,tv9908,tba9908,,2026-01-19,30.555834,97.10667,2026-01-19 10:00:00+00:00,16.947742
2026-01-19,landed,,Yakushima,Asia/Tokyo,KUM,RJFC,,1,24.0,2026-01-19T10:05:00+00:00,2026-01-19 10:05:00+00:00,2026-01-19T10:38:00+00:00,2026-01-19T10:38:00+00:00,2026-01-19T10:38:00+00:00,Kagoshima,Asia/Tokyo,KOJ,RJFK,D,,,2026-01-19T10:40:00+00:00,24.0,,2026-01-19T11:04:00+00:00,2026-01-19T11:04:00+00:00,2026-01-19T11:04:00+00:00,Japan Air Commuter,JC,JAC,3740,JC3740,JAC3740,,,,,841EB6,,,,,,,,2026-01-19,30.385555,130.65916,2026-01-19 10:00:00+00:00,8.415842
2026-01-19,landed,,Polyarnyj,Asia/Yakutsk,PYJ,UERP,,,,2026-01-19T10:10:00+00:00,2026-01-19 10:10:00+00:00,2026-01-19T10:04:00+00:00,2026-01-19T10:04:00+00:00,2026-01-19T10:04:00+00:00,Tolmachevo,Asia/Novosibirsk,OVB,UNNT,,,,2026-01-19T11:15:00+00:00,,,2026-01-19T10:46:00+00:00,2026-01-19T10:46:00+00:00,2026-01-19T10:46:00+00:00,Mirny Air Enterprise,6R,DRU,552,6R552,DRU552,,,,,151E31,,,,,,,,2026-01-19,66.416664,112.05,2026-01-19 10:00:00+00:00,7.3799996
2026-01-19,scheduled,,Kannur International Airport,Asia/Kolkata,CNN,VOKN,,,,2026-01-19T10:15:00+00:00,2026-01-19 10:15:00+00:00,,,,Bangalore International Airport,Asia/Kolkata,BLR,VOBL,2,D7,6B,2026-01-19T11:25:00+00:00,,,,,,Air India,AI,AIC,9927,AI9927,AIC9927,,,,,,air india express,ix,axb,1958,ix1958,axb1958,,2026-01-19,11.915858,75.55094,2026-01-19 10:00:00+00:00,14.49531
2026-01-19,landed,,Kikaiga Shima,Asia/Tokyo,KKX,RJKI,,1,,2026-01-19T10:15:00+00:00,2026-01-19 10:15:00+00:00,2026-01-19T10:18:00+00:00,2026-01-19T10:18:00+00:00,2026-01-19T10:18:00+00:00,Amami,Asia/Tokyo,ASJ,RJKA,,,,2026-01-19T10:35:00+00:00,,,2026-01-19T10:29:00+00:00,2026-01-19T10:29:00+00:00,2026-01-19T10:29:00+00:00,Japan Air Commuter,JC,JAC,3830,JC3830,JAC3830,,,,,841B22,,,,,,,,2026-01-19,28.321388,129.92805,2026-01-19 10:00:00+00:00,11.08572
2026-01-19,landed,,Nyingchi,Asia/Shanghai,LZY,ZUNZ,,"6,7",,2026-01-19T10:15:00+00:00,2026-01-19 10:15:00+00:00,2026-01-19T09:57:00+00:00,2026-01-19T09:57:00+00:00,2026-01-19T09:57:00+00:00,Shuangliu,Asia/Shanghai,CTU,ZUUU,1,,,2026-01-19T12:10:00+00:00,,2026-01-19T11:12:00+00:00,2026-01-19T11:19:00+00:00,2026-01-19T11:19:00+00:00,2026-01-19T11:19:00+00:00,China Eastern Airlines,MU,CES,3428,MU3428,CES3428,,,,,7807BE,sichuan airlines,3u,csc,8628,3u8628,csc8628,,2026-01-19,29.309076,94.335884,2026-01-19 10:00:00+00:00,7.42159
2026-01-19,landed,,Masbate,Asia/Manila,MBT,RPVJ,,,,2026-01-19T10:15:00+00:00,2026-01-19 10:15:00+00:00,2026-01-19T10:17:00+00:00,2026-01-19T10:17:00+00:00,2026-01-19T10:17:00+00:00,Mactan-Cebu International,Asia/Manila,CEB,RPVM,1,,,2026-01-19T11:20:00+00:00,,2026-01-19T10:59:00+00:00,2026-01-19T10:59:00+00:00,2026-01-19T10:59:00+00:00,2026-01-19T10:59:00+00:00,Cebu Pacific Air,5J,CEB,6081,5J6081,CEB6081,,,,,758544,,,,,,,,2026-01-19,12.366667,123.066666,2026-01-19 10:00:00+00:00,20.66867
2026-01-19,landed,,Nyingchi,Asia/Shanghai,LZY,ZUNZ,,"6,7",,2026-01-19T10:15:00+00:00,2026-01-19 10:15:00+00:00,2026-01-19T09:57:00+00:00,2026-01-19T09:57:00+00:00,2026-01-19T09:57:00+00:00,Shuangliu,Asia/Shanghai,CTU,ZUUU,1,,,2026-01-19T12:10:00+00:00,,2026-01-19T11:12:00+00:00,2026-01-19T11:19:00+00:00,2026-01-19T11:19:00+00:00,2026-01-19T11:19:00+00:00,China Express Air,G5,HXA,6282,G56282,HXA6282,,,,,7807BE,sichuan airlines,3u,csc,8628,3u8628,csc8628,,2026-01-19,29.309076,94.335884,2026-01-19 10:00:00+00:00,7.42159
2026-01-19,landed,,Nyingchi,Asia/Shanghai,LZY,ZUNZ,,"6,7",,2026-01-19T10:15:00+00:00,2026-01-19 10:15:00+00:00,2026-01-19T09:57:00+00:00,2026-01-19T09:57:00+00:00,2026-01-19T09:57:00+00:00,Shuangliu,Asia/Shanghai,CTU,ZUUU,1,,,2026-01-19T12:10:00+00:00,,2026-01-19T11:12:00+00:00,2026-01-19T11:19:00+00:00,2026-01-19T11:19:00+00:00,2026-01-19T11:19:00+00:00,Xiamen Airlines,MF,CXA,5512,MF5512,CXA5512,,,,,7807BE,sichuan airlines,3u,csc,8628,3u8628,csc8628,,2026-01-19,29.309076,94.335884,2026-01-19 10:00:00+00:00,7.42159
2026-01-19,landed,,Nyingchi,Asia/Shanghai,LZY,ZUNZ,,"6,7",,2026-01-19T10:15:00+00:00,2026-01-19 10:15:00+00:00,2026-01-19T09:57:00+00:00,2026-01-19T09:57:00+00:00,2026-01-19T09:57:00+00:00,Shuangliu,Asia/Shanghai,CTU,ZUUU,1,,,2026-01-19T12:10:00+00:00,,2026-01-19T11:12:00+00:00,2026-01-19T11:19:00+00:00,2026-01-19T11:19:00+00:00,2026-01-19T11:19:00+00:00,China Southern Airlines,CZ,CSN,9088,CZ9088,CSN9088,,,,,7807BE,sichuan airlines,3u,csc,8628,3u8628,csc8628,,2026-01-19,29.309076,94.335884,2026-01-19 10:00:00+00:00,7.42159
2026-01-19,landed,,Nyingchi,Asia/Shanghai,LZY,ZUNZ,,"6,7",,2026-01-19T10:15:00+00:00,2026-01-19 10:15:00+00:00,2026-01-19T09:57:00+00:00,2026-01-19T09:57:00+00:00,2026-01-19T09:57:00+00:00,Shuangliu,Asia/Shanghai,CTU,ZUUU,1,,,2026-01-19T12:10:00+00:00,,2026-01-19T11:12:00+00:00,2026-01-19T11:19:00+00:00,2026-01-19T11:19:00+00:00,2026-01-19T11:19:00+00:00,Chengdu Airlines,EU,UEA,7296,EU7296,UEA7296,,,,,7807BE,sichuan airlines,3u,csc,8628,3u8628,csc8628,,2026-01-19,29.309076,94.335884,2026-01-19 10:00:00+00:00,7.42159
2026-01-19,landed,,Sayak Airport,Asia/Manila,IAO,RPNS,,,,2026-01-19T10:20:00+00:00,2026-01-19 10:20:00+00:00,2026-01-19T10:09:00+00:00,2026-01-19T10:09:00+00:00,2026-01-19T10:09:00+00:00,Mactan-Cebu International,Asia/Manila,CEB,RPVM,1,,,2026-01-19T11:25:00+00:00,,2026-01-19T10:52:00+00:00,2026-01-19T10:52:00+00:00,2026-01-19T10:52:00+00:00,2026-01-19T10:52:00+00:00,Cebu Pacific Air,5J,CEB,6858,5J6858,CEB6858,,,,,7586EF,,,,,,,,2026-01-19,9.858889,126.013885,2026-01-19 10:00:00+00:00,6.6624317
2026-01-19,landed,,Bangda,Asia/Shanghai,BPX,ZUBD,,1-3,,2026-01-19T10:20:00+00:00,2026-01-19 10:20:00+00:00,2026-01-19T10:27:00+00:00,2026-01-19T10:27:00+00:00,2026-01-19T10:27:00+00:00,Shuangliu,Asia/Shanghai,CTU,ZUUU,2,,,2026-01-19T11:45:00+00:00,,2026-01-19T11:26:00+00:00,2026-01-19T11:33:00+00:00,2026-01-19T11:33:00+00:00,2026-01-19T11:33:00+00:00,Shenzhen Airlines,ZH,CSZ,4504,ZH4504,CSZ4504,,,,,780DFA,air china ltd,ca,cca,4410,ca4410,cca4410,,2026-01-19,30.555834,97.10667,2026-01-19 10:00:00+00:00,16.947742
2026-01-19,landed,,Kuala Lumpur International Airport (klia),Asia/Kuala_Lumpur,KUL,WMKK,1,G6,,2026-01-19T10:40:00+00:00,2026-01-19 10:40:00+00:00,2026-01-19T10:46:00+00:00,2026-01-19T10:46:00+00:00,2026-01-19T10:46:00+00:00,Singapore Changi,Asia/Singapore,SIN,WSSS,2,E27R,31,2026-01-19T11:55:00+00:00,,2026-01-19T11:24:00+00:00,2026-01-19T11:26:00+00:00,2026-01-19T11:26:00+00:00,2026-01-19T11:26:00+00:00,Finnair,AY,FIN,6742,AY6742,FIN6742,,,,,7502B0,malaysia airlines,mh,mas,627,mh627,mas627,,2026-01-19,2.755672,101.70539,2026-01-19 11:00:00+00:00,5.8852015
2026-01-19,landed,,Kuala Lumpur International Airport (klia),Asia/Kuala_Lumpur,KUL,WMKK,1,G6,,2026-01-19T10:40:00+00:00,2026-01-19 10:40:00+00:00,2026-01-19T10:46:00+00:00,2026-01-19T10:46:00+00:00,2026-01-19T10:46:00+00:00,Singapore Changi,Asia/Singapore,SIN,WSSS,2,E27R,31,2026-01-19T11:55:00+00:00,,2026-01-19T11:24:00+00:00,2026-01-19T11:26:00+00:00,2026-01-19T11:26:00+00:00,2026-01-19T11:26:00+00:00,Fly Sky Airlines,FY,FSQ,7339,FY7339,FSQ7339,,,,,7502B0,malaysia airlines,mh,mas,627,mh627,mas627,,2026-01-19,2.755672,101.70539,2026-01-19 11:00:00+00:00,5.8852015
2026-01-19,landed,,Kuala Lumpur International Airport (klia),Asia/Kuala_Lumpur,KUL,WMKK,1,G6,,2026-01-19T10:40:00+00:00,2026-01-19 10:40:00+00:00,2026-01-19T10:46:00+00:00,2026-01-19T10:46:00+00:00,2026-01-19T10:46:00+00:00,Singapore Changi,Asia/Singapore,SIN,WSSS,2,E27R,31,2026-01-19T11:55:00+00:00,,2026-01-19T11:24:00+00:00,2026-01-19T11:26:00+00:00,2026-01-19T11:26:00+00:00,2026-01-19T11:26:00+00:00,Qatar Airways,QR,QTR,5479,QR5479,QTR5479,,,,,7502B0,malaysia airlines,mh,mas,627,mh627,mas627,,2026-01-19,2.755672,101.70539,2026-01-19 11:00:00+00:00,5.8852015
2026-01-19,landed,,Kuala Lumpur International Airport (klia),Asia/Kuala_Lumpur,KUL,WMKK,1,G6,,2026-01-19T10:40:00+00:00,2026-01-19 10:40:00+00:00,2026-01-19T10:46:00+00:00,2026-01-19T10:46:00+00:00,2026-01-19T10:46:00+00:00,Singapore Changi,Asia/Singapore,SIN,WSSS,2,E27R,31,2026-01-19T11:55:00+00:00,,2026-01-19T11:24:00+00:00,2026-01-19T11:26:00+00:00,2026-01-19T11:26:00+00:00,2026-01-19T11:26:00+00:00,Singapore Airlines,SQ,SIA,5627,SQ5627,SIA5627,,,,,7502B0,malaysia airlines,mh,mas,627,mh627,mas627,,2026-01-19,2.755672,101.70539,2026-01-19 11:00:00+00:00,5.8852015
2026-01-19,landed,,Kuala Lumpur International Airport (klia),Asia/Kuala_Lumpur,KUL,WMKK,1,G6,,2026-01-19T10:40:00+00:00,2026-01-19 10:40:00+00:00,2026-01-19T10:46:00+00:00,2026-01-19T10:46:00+00:00,2026-01-19T10:46:00+00:00,Singapore Changi,Asia/Singapore,SIN,WSSS,2,E27R,31,2026-01-19T11:55:00+00:00,,2026-01-19T11:24:00+00:00,2026-01-19T11:26:00+00:00,2026-01-19T11:26:00+00:00,2026-01-19T11:26:00+00:00,Oman Air,WY,OMA,5622,WY5622,OMA5622,,,,,7502B0,malaysia airlines,mh,mas,627,mh627,mas627,,2026-01-19,2.755672,101.70539,2026-01-19 11:00:00+00:00,5.8852015
2026-01-19,scheduled,,Don Muang,Asia/Bangkok,DMK,VTBD,2,,,2026-01-19T10:45:00+00:00,2026-01-19 10:45:00+00:00,,,,Hat Yai,Asia/Bangkok,HDY,VTSS,2,,,2026-01-19T12:20:00+00:00,,,,,,AirAsia,AK,AXM,3106,AK3106,AXM3106,,,,,881423,,,,,,,,2026-01-19,13.9125,100.60667,2026-01-19 11:00:00+00:00,10.132897
2026-01-19,landed,,Kumamoto,Asia/Tokyo,KMJ,RJFT,,1,,2026-01-19T10:45:00+00:00,2026-01-19 10:45:00+00:00,2026-01-19T10:50:00+00:00,2026-01-19T10:50:00+00:00,2026-01-19T10:50:00+00:00,Itami,Asia/Tokyo,ITM,RJOO,,,,2026-01-19T12:00:00+00:00,,2026-01-19T11:53:00+00:00,2026-01-19T11:53:00+00:00,2026-01-19T11:53:00+00:00,2026-01-19T11:53:00+00:00,Japan Air Commuter,JC,JAC,801,JC801,JAC801,,,,,840CD2,,,,,,,,2026-01-19,32.834133,130.85799,2026-01-19 11:00:00+00:00,4.829907
2026-01-19,landed,,Horn Island,Australia/Brisbane,HID,YHID,,,5.0,2026-01-19T10:55:00+00:00,2026-01-19 10:55:00+00:00,2026-01-19T11:14:00+00:00,2026-01-19T11:14:00+00:00,2026-01-19T11:14:00+00:00,Cairns,Australia/Brisbane,CNS,YBCS,2,16,,2026-01-19T12:40:00+00:00,5.0,2026-01-19T12:45:00+00:00,2026-01-19T12:45:00+00:00,2026-01-19T12:45:00+00:00,2026-01-19T12:45:00+00:00,QantasLink,,QLK,2489,,QLK2489,,,,,7C530A,,,,,,,,2026-01-19,-10.583333,142.28334,2026-01-19 11:00:00+00:00,15.338071
2026-01-19,landed,,Izumo,Asia/Tokyo,IZO,RJOC,,1,3.0,2026-01-19T11:00:00+00:00,2026-01-19 11:00:00+00:00,2026-01-19T11:08:00+00:00,2026-01-19T11:08:00+00:00,2026-01-19T11:08:00+00:00,Fukuoka,Asia/Tokyo,FUK,RJFF,D,13,,2026-01-19T12:10:00+00:00,3.0,2026-01-19T12:12:00+00:00,2026-01-19T12:13:00+00:00,2026-01-19T12:13:00+00:00,2026-01-19T12:13:00+00:00,Japan Air Commuter,JC,JAC,3550,JC3550,JAC3550,,,,,845F72,,,,,,,,2026-01-19,35.41485,132.88576,2026-01-19 11:00:00+00:00,11.901798
2026-01-19,scheduled,,Nejran,Asia/Riyadh,EAM,OENG,,,,2026-01-19T11:00:00+00:00,2026-01-19 11:00:00+00:00,,,,King Khaled International,Asia/Riyadh,RUH,OERK,5,,,2026-01-19T12:50:00+00:00,,,,,,Saudia,SV,SVA,4005,SV4005,SVA4005,,,,,,flyadeal,f3,fad,74,f374,fad74,,2026-01-19,17.613281,44.414646,2026-01-19 11:00:00+00:00,14.98331
2026-01-19,landed,,Kobe,Asia/Tokyo,UKB,RJBE,,,,2026-01-19T11:15:00+00:00,2026-01-19 11:15:00+00:00,2026-01-19T11:20:00+00:00,2026-01-19T11:20:00+00:00,2026-01-19T11:20:00+00:00,Niigata,Asia/Tokyo,KIJ,RJSN,,,,2026-01-19T12:45:00+00:00,,,2026-01-19T12:33:00+00:00,2026-01-19T12:33:00+00:00,2026-01-19T12:33:00+00:00,PNG Air,CG,TOK,502,CG502,TOK502,,,,,8409DA,,,,,,,,2026-01-19,34.6373,135.2284,2026-01-19 11:00:00+00:00,13.1041975
2026-01-19,landed,,Garden Point,Australia/Darwin,GPN,YGPT,,,,2026-01-19T11:30:00+00:00,2026-01-19 11:30:00+00:00,2026-01-19T11:09:00+00:00,2026-01-19T11:09:00+00:00,2026-01-19T11:09:00+00:00,Darwin,Australia/Darwin,DRW,YPDN,1,,,2026-01-19T11:58:00+00:00,,,2026-01-19T11:44:00+00:00,2026-01-19T11:44:00+00:00,2026-01-19T11:44:00+00:00,empty,,,,,,,,,,7C4264,,,,,,,,2026-01-19,-11.766667,130.01666,2026-01-19 11:00:00+00:00,17.515581
2026-01-19,landed,,Yakushima,Asia/Tokyo,KUM,RJFC,,1,9.0,2026-01-19T11:40:00+00:00,2026-01-19 11:40:00+00:00,2026-01-19T11:56:00+00:00,2026-01-19T11:56:00+00:00,2026-01-19T11:56:00+00:00,Kagoshima,Asia/Tokyo,KOJ,RJFK,D,,,2026-01-19T12:15:00+00:00,9.0,2026-01-19T12:24:00+00:00,2026-01-19T12:24:00+00:00,2026-01-19T12:24:00+00:00,2026-01-19T12:24:00+00:00,Japan Air Commuter,JC,JAC,3744,JC3744,JAC3744,,,,,84178E,,,,,,,,2026-01-19,30.385555,130.65916,2026-01-19 12:00:00+00:00,15.986593
2026-01-19,scheduled,,Kununurra,Australia/Perth,KNX,YPKU,,,,2026-01-19T12:00:00+00:00,2026-01-19 12:00:00+00:00,,,,Kununurra,Australia/Perth,KNX,YPKU,,,,2026-01-19T14:00:00+00:00,,,,,,empty,,,,,,,,,,7C3092,,,,,,,,2026-01-19,-15.784031,128.71268,2026-01-19 12:00:00+00:00,16.443174
2026-01-19,landed,,Wangaratta,Australia/Melbourne,WGT,YWGT,,,16.0,2026-01-19T12:05:00+00:00,2026-01-19 12:05:00+00:00,2026-01-19T12:16:00+00:00,2026-01-19T12:16:00+00:00,2026-01-19T12:16:00+00:00,Essendon,Australia/Melbourne,MEB,YMEN,,,,2026-01-19T12:31:00+00:00,16.0,,2026-01-19T12:47:00+00:00,2026-01-19T12:47:00+00:00,2026-01-19T12:47:00+00:00,Pel-Air,,PFY,313,,PFY313,,,,,7C6A57,,,,,,,,2026-01-19,-36.36667,146.33333,2026-01-19 12:00:00+00:00,9.485504
2026-01-19,landed,,Tanegashima,Asia/Tokyo,TNE,RJFG,,1,,2026-01-19T12:15:00+00:00,2026-01-19 12:15:00+00:00,2026-01-19T12:20:00+00:00,2026-01-19T12:20:00+00:00,2026-01-19T12:20:00+00:00,Kagoshima,Asia/Tokyo,KOJ,RJFK,D,,,2026-01-19T12:50:00+00:00,,2026-01-19T12:44:00+00:00,2026-01-19T12:42:00+00:00,2026-01-19T12:42:00+00:00,2026-01-19T12:42:00+00:00,Japan Air Commuter,JC,JAC,3764,JC3764,JAC3764,,,,,84224A,,,,,,,,2026-01-19,30.541111,130.95416,2026-01-19 12:00:00+00:00,18.47698
2026-01-19,landed,,Broken Hill,Australia/Broken_Hill,BHQ,YBHI,,,,2026-01-19T12:15:00+00:00,2026-01-19 12:15:00+00:00,2026-01-19T12:32:00+00:00,2026-01-19T12:32:00+00:00,2026-01-19T12:32:00+00:00,Sydney Kingsford Smith Airport,Australia/Sydney,SYD,YSSY,3,1C,,2026-01-19T14:45:00+00:00,,2026-01-19T14:37:00+00:00,2026-01-19T14:43:00+00:00,2026-01-19T14:43:00+00:00,2026-01-19T14:43:00+00:00,QantasLink,,QLK,2016,,QLK2016,,,,,7C39F7,,,,,,,,2026-01-19,-31.998983,141.46857,2026-01-19 12:00:00+00:00,36.540443
2026-01-19,scheduled,,Chengdu Tianfu International Airport,Asia/Chongqing,TFU,ZUTF,2,233,,2026-01-19T12:35:00+00:00,2026-01-19 12:35:00+00:00,,,,Haikou,Asia/Shanghai,HAK,ZJHK,2,,8,2026-01-19T14:45:00+00:00,,,,,,Loong Air,GJ,CDC,3626,GJ3626,CDC3626,,,,,7820B9,hainan airlines,hu,chh,7084,hu7084,chh7084,,2026-01-19,30.319,104.445,2026-01-19 13:00:00+00:00,19.008547
2026-01-19,landed,,Canberra,Australia/Sydney,CBR,YSCB,,,4.0,2026-01-19T12:35:00+00:00,2026-01-19 12:35:00+00:00,2026-01-19T12:57:00+00:00,2026-01-19T12:57:00+00:00,2026-01-19T12:57:00+00:00,Melbourne - Tullamarine Airport,Australia/Melbourne,MEL,YMML,1,22,,2026-01-19T13:55:00+00:00,4.0,2026-01-19T13:59:00+00:00,2026-01-19T13:59:00+00:00,2026-01-19T13:59:00+00:00,2026-01-19T13:59:00+00:00,QantasLink,,QLK,1411,,QLK1411,,,,,7C52F8,,,,,,,,2026-01-19,-35.30735,149.19052,2026-01-19 13:00:00+00:00,9.144637
2026-01-19,landed,,Sydney Kingsford Smith Airport,Australia/Sydney,SYD,YSSY,3,19,11.0,2026-01-19T12:35:00+00:00,2026-01-19 12:35:00+00:00,2026-01-19T13:06:00+00:00,2026-01-19T13:06:00+00:00,2026-01-19T13:06:00+00:00,"Toowoomba Wellcamp Airport
",,WTB,YBWW,,,,2026-01-19T13:15:00+00:00,11.0,,2026-01-19T13:26:00+00:00,2026-01-19T13:26:00+00:00,2026-01-19T13:26:00+00:00,QantasLink,,QLK,1490,,QLK1490,,,,,7C5301,,,,,,,,2026-01-19,-33.932922,151.1799,2026-01-19 13:00:00+00:00,3.319036
2026-01-19,landed,,Corryong,Australia/Melbourne,CYG,YCRG,,,20.0,2026-01-19T12:55:00+00:00,2026-01-19 12:55:00+00:00,2026-01-19T13:08:00+00:00,2026-01-19T13:08:00+00:00,2026-01-19T13:08:00+00:00,Albury,Australia/Sydney,ABX,YMAY,3,,,2026-01-19T13:08:00+00:00,20.0,,2026-01-19T13:28:00+00:00,2026-01-19T13:28:00+00:00,2026-01-19T13:28:00+00:00,Pel-Air,,PFY,320,,PFY320,,,,,7C6A54,,,,,,,,2026-01-19,-36.25,147.9,2026-01-19 13:00:00+00:00,4.3498964
2026-01-19,landed,,Townsville International,Australia/Brisbane,TSV,YBTL,,,,2026-01-19T13:00:00+00:00,2026-01-19 13:00:00+00:00,2026-01-19T13:04:00+00:00,2026-01-19T13:04:00+00:00,2026-01-19T13:04:00+00:00,Cairns,Australia/Brisbane,CNS,YBCS,2,2,,2026-01-19T14:00:00+00:00,,2026-01-19T13:38:00+00:00,2026-01-19T13:38:00+00:00,2026-01-19T13:38:00+00:00,2026-01-19T13:38:00+00:00,QantasLink,,QLK,2354,,QLK2354,,,,,7C52FD,,,,,,,,2026-01-19,-19.256506,146.7708,2026-01-19 13:00:00+00:00,5.4149795
2026-01-19,landed,,Melbourne - Tullamarine Airport,Australia/Melbourne,MEL,YMML,3,5,3.0,2026-01-19T13:00:00+00:00,2026-01-19 13:00:00+00:00,2026-01-19T13:21:00+00:00,2026-01-19T13:21:00+00:00,2026-01-19T13:21:00+00:00,Sydney Kingsford Smith Airport,Australia/Sydney,SYD,YSSY,2,34,,2026-01-19T14:25:00+00:00,3.0,2026-01-19T14:25:00+00:00,2026-01-19T14:28:00+00:00,2026-01-19T14:28:00+00:00,2026-01-19T14:28:00+00:00,Singapore Airlines,SQ,SIA,6819,SQ6819,SIA6819,,,,,7C2BAF,virgin australia,va,voz,845,va845,voz845,,2026-01-19,-37.669613,144.84978,2026-01-19 13:00:00+00:00,6.804381
2026-01-19,landed,,Melbourne - Tullamarine Airport,Australia/Melbourne,MEL,YMML,3,5,3.0,2026-01-19T13:00:00+00:00,2026-01-19 13:00:00+00:00,2026-01-19T13:21:00+00:00,2026-01-19T13:21:00+00:00,2026-01-19T13:21:00+00:00,Sydney Kingsford Smith Airport,Australia/Sydney,SYD,YSSY,2,34,,2026-01-19T14:25:00+00:00,3.0,2026-01-19T14:25:00+00:00,2026-01-19T14:28:00+00:00,2026-01-19T14:28:00+00:00,2026-01-19T14:28:00+00:00,Qatar Airways,QR,QTR,7149,QR7149,QTR7149,,,,,7C2BAF,virgin australia,va,voz,845,va845,voz845,,2026-01-19,-37.669613,144.84978,2026-01-19 13:00:00+00:00,6.804381
2026-01-19,landed,,Melbourne - Tullamarine Airport,Australia/Melbourne,MEL,YMML,3,5,3.0,2026-01-19T13:00:00+00:00,2026-01-19 13:00:00+00:00,2026-01-19T13:21:00+00:00,2026-01-19T13:21:00+00:00,2026-01-19T13:21:00+00:00,Sydney Kingsford Smith Airport,Australia/Sydney,SYD,YSSY,2,34,,2026-01-19T14:25:00+00:00,3.0,2026-01-19T14:25:00+00:00,2026-01-19T14:28:00+00:00,2026-01-19T14:28:00+00:00,2026-01-19T14:28:00+00:00,Hawaiian Airlines,HA,HAL,4109,HA4109,HAL4109,,,,,7C2BAF,virgin australia,va,voz,845,va845,voz845,,2026-01-19,-37.669613,144.84978,2026-01-19 13:00:00+00:00,6.804381
2026-01-19,landed,,Melbourne - Tullamarine Airport,Australia/Melbourne,MEL,YMML,4,51,,2026-01-19T13:05:00+00:00,2026-01-19 13:05:00+00:00,2026-01-19T13:16:00+00:00,2026-01-19T13:16:00+00:00,2026-01-19T13:16:00+00:00,Sydney Kingsford Smith Airport,Australia/Sydney,SYD,YSSY,2,,,2026-01-19T14:30:00+00:00,,2026-01-19T14:13:00+00:00,2026-01-19T14:15:00+00:00,2026-01-19T14:15:00+00:00,2026-01-19T14:15:00+00:00,IndiGo,6E,IGO,4547,6E4547,IGO4547,,,,,7C6B2B,jetstar,jq,jst,514,jq514,jst514,,2026-01-19,-37.669613,144.84978,2026-01-19 13:00:00+00:00,6.804381
2026-01-19,scheduled,,Chongqing Jiangbei International,Asia/Shanghai,CKG,ZUCK,3,3H,,2026-01-19T13:10:00+00:00,2026-01-19 13:10:00+00:00,,,,Simao,Asia/Shanghai,SYM,ZPSM,,,,2026-01-19T15:00:00+00:00,,,,,,Air China LTD,CA,CCA,5377,CA5377,CCA5377,,,,,7809D2,tibet airlines,tv,tba,9915,tv9915,tba9915,,2026-01-19,29.72034,106.63408,2026-01-19 13:00:00+00:00,9.220499
2026-01-19,scheduled,,Chongqing Jiangbei International,Asia/Shanghai,CKG,ZUCK,3,3H,,2026-01-19T13:10:00+00:00,2026-01-19 13:10:00+00:00,,,,Simao,Asia/Shanghai,SYM,ZPSM,,,,2026-01-19T15:00:00+00:00,,,,,,Shandong Airlines,SC,CDG,6145,SC6145,CDG6145,,,,,7809D2,tibet airlines,tv,tba,9915,tv9915,tba9915,,2026-01-19,29.72034,106.63408,2026-01-19 13:00:00+00:00,9.220499
2026-01-19,scheduled,,Chongqing Jiangbei International,Asia/Shanghai,CKG,ZUCK,3,3H,,2026-01-19T13:10:00+00:00,2026-01-19 13:10:00+00:00,,,,Simao,Asia/Shanghai,SYM,ZPSM,,,,2026-01-19T15:00:00+00:00,,,,,,Chengdu Airlines,EU,UEA,7945,EU7945,UEA7945,,,,,7809D2,tibet airlines,tv,tba,9915,tv9915,tba9915,,2026-01-19,29.72034,106.63408,2026-01-19 13:00:00+00:00,9.220499
2026-01-19,scheduled,,Chongqing Jiangbei International,Asia/Shanghai,CKG,ZUCK,3,3H,,2026-01-19T13:10:00+00:00,2026-01-19 13:10:00+00:00,,,,Simao,Asia/Shanghai,SYM,ZPSM,,,,2026-01-19T15:00:00+00:00,,,,,,Kunming Airlines,KY,KNA,6745,KY6745,KNA6745,,,,,7809D2,tibet airlines,tv,tba,9915,tv9915,tba9915,,2026-01-19,29.72034,106.63408,2026-01-19 13:00:00+00:00,9.220499
2026-01-19,scheduled,,Chongqing Jiangbei International,Asia/Shanghai,CKG,ZUCK,3,3H,,2026-01-19T13:10:00+00:00,2026-01-19 13:10:00+00:00,,,,Simao,Asia/Shanghai,SYM,ZPSM,,,,2026-01-19T15:00:00+00:00,,,,,,Shenzhen Airlines,ZH,CSZ,3913,ZH3913,CSZ3913,,,,,7809D2,tibet airlines,tv,tba,9915,tv9915,tba9915,,2026-01-19,29.72034,106.63408,2026-01-19 13:00:00+00:00,9.220499
2026-01-19,scheduled,,Chongqing Jiangbei International,Asia/Shanghai,CKG,ZUCK,3,3H,,2026-01-19T13:10:00+00:00,2026-01-19 13:10:00+00:00,,,,Simao,Asia/Shanghai,SYM,ZPSM,,,,2026-01-19T15:00:00+00:00,,,,,,Loong Air,GJ,CDC,5479,GJ5479,CDC5479,,,,,7809D2,tibet airlines,tv,tba,9915,tv9915,tba9915,,2026-01-19,29.72034,106.63408,2026-01-19 13:00:00+00:00,9.220499
2026-01-19,landed,,Grafton,Australia/Sydney,GFN,YGFN,,,,2026-01-19T13:20:00+00:00,2026-01-19 13:20:00+00:00,2026-01-19T13:02:00+00:00,2026-01-19T13:02:00+00:00,2026-01-19T13:02:00+00:00,Gold Coast (coolangatta),Australia/Brisbane,OOL,YBCG,1,,,2026-01-19T12:57:00+00:00,,2026-01-19T12:45:00+00:00,2026-01-19T12:51:00+00:00,2026-01-19T12:51:00+00:00,2026-01-19T12:51:00+00:00,empty,,,,,,,,,,7C1CB5,,,,,,,,2026-01-19,-29.759521,153.02834,2026-01-19 13:00:00+00:00,10.699028
2026-01-19,landed,,Armidale,Australia/Sydney,ARM,YARM,,,,2026-01-19T13:30:00+00:00,2026-01-19 13:30:00+00:00,2026-01-19T13:44:00+00:00,2026-01-19T13:44:00+00:00,2026-01-19T13:44:00+00:00,Sydney Kingsford Smith Airport,Australia/Sydney,SYD,YSSY,3,1,,2026-01-19T14:45:00+00:00,,2026-01-19T14:34:00+00:00,2026-01-19T14:33:00+00:00,2026-01-19T14:33:00+00:00,2026-01-19T14:33:00+00:00,QantasLink,,QLK,2023,,QLK2023,,,,,7CB067,,,,,,,,2026-01-19,-30.532297,151.61493,2026-01-19 13:00:00+00:00,17.122723
2026-01-19,landed,,Launceston,Australia/Hobart,LST,YMLT,,,,2026-01-19T13:30:00+00:00,2026-01-19 13:30:00+00:00,2026-01-19T13:37:00+00:00,2026-01-19T13:37:00+00:00,2026-01-19T13:37:00+00:00,Melbourne - Tullamarine Airport,Australia/Melbourne,MEL,YMML,1,26,,2026-01-19T14:50:00+00:00,,2026-01-19T14:42:00+00:00,2026-01-19T14:41:00+00:00,2026-01-19T14:41:00+00:00,2026-01-19T14:41:00+00:00,QantasLink,,QLK,2074,,QLK2074,,,,,7C52FF,,,,,,,,2026-01-19,-41.54351,147.20532,2026-01-19 13:00:00+00:00,4.39436
2026-01-19,landed,,Melbourne - Tullamarine Airport,Australia/Melbourne,MEL,YMML,3,13,,2026-01-19T13:30:00+00:00,2026-01-19 13:30:00+00:00,2026-01-19T13:38:00+00:00,2026-01-19T13:38:00+00:00,2026-01-19T13:38:00+00:00,Sydney Kingsford Smith Airport,Australia/Sydney,SYD,YSSY,2,41,,2026-01-19T14:55:00+00:00,,2026-01-19T14:38:00+00:00,2026-01-19T14:40:00+00:00,2026-01-19T14:40:00+00:00,2026-01-19T14:40:00+00:00,Singapore Airlines,SQ,SIA,6857,SQ6857,SIA6857,,,,,7C7A4D,virgin australia,va,voz,847,va847,voz847,,2026-01-19,-37.669613,144.84978,2026-01-19 13:00:00+00:00,6.804381
2026-01-19,landed,,Melbourne - Tullamarine Airport,Australia/Melbourne,MEL,YMML,3,13,,2026-01-19T13:30:00+00:00,2026-01-19 13:30:00+00:00,2026-01-19T13:38:00+00:00,2026-01-19T13:38:00+00:00,2026-01-19T13:38:00+00:00,Sydney Kingsford Smith Airport,Australia/Sydney,SYD,YSSY,2,41,,2026-01-19T14:55:00+00:00,,2026-01-19T14:38:00+00:00,2026-01-19T14:40:00+00:00,2026-01-19T14:40:00+00:00,2026-01-19T14:40:00+00:00,Hawaiian Airlines,HA,HAL,4001,HA4001,HAL4001,,,,,7C7A4D,virgin australia,va,voz,847,va847,voz847,,2026-01-19,-37.669613,144.84978,2026-01-19 13:00:00+00:00,6.804381
2026-01-19,landed,,Melbourne - Tullamarine Airport,Australia/Melbourne,MEL,YMML,1,25,,2026-01-19T13:30:00+00:00,2026-01-19 13:30:00+00:00,2026-01-19T13:40:00+00:00,2026-01-19T13:40:00+00:00,2026-01-19T13:40:00+00:00,Sydney Kingsford Smith Airport,Australia/Sydney,SYD,YSSY,3,11,,2026-01-19T14:55:00+00:00,,2026-01-19T14:41:00+00:00,2026-01-19T14:44:00+00:00,2026-01-19T14:44:00+00:00,2026-01-19T14:44:00+00:00,China Airlines,CI,CAL,8392,CI8392,CAL8392,,,,,7C6DB7,qantas,qf,qfa,446,qf446,qfa446,,2026-01-19,-37.669613,144.84978,2026-01-19 13:00:00+00:00,6.804381
2026-01-19,landed,,Melbourne - Tullamarine Airport,Australia/Melbourne,MEL,YMML,1,25,,2026-01-19T13:30:00+00:00,2026-01-19 13:30:00+00:00,2026-01-19T13:40:00+00:00,2026-01-19T13:40:00+00:00,2026-01-19T13:40:00+00:00,Sydney Kingsford Smith Airport,Australia/Sydney,SYD,YSSY,3,11,,2026-01-19T14:55:00+00:00,,2026-01-19T14:41:00+00:00,2026-01-19T14:44:00+00:00,2026-01-19T14:44:00+00:00,2026-01-19T14:44:00+00:00,American Airlines,AA,AAL,7369,AA7369,AAL7369,,,,,7C6DB7,qantas,qf,qfa,446,qf446,qfa446,,2026-01-19,-37.669613,144.84978,2026-01-19 13:00:00+00:00,6.804381
2026-01-19,landed,,Melbourne - Tullamarine Airport,Australia/Melbourne,MEL,YMML,1,25,,2026-01-19T13:30:00+00:00,2026-01-19 13:30:00+00:00,2026-01-19T13:40:00+00:00,2026-01-19T13:40:00+00:00,2026-01-19T13:40:00+00:00,Sydney Kingsford Smith Airport,Australia/Sydney,SYD,YSSY,3,11,,2026-01-19T14:55:00+00:00,,2026-01-19T14:41:00+00:00,2026-01-19T14:44:00+00:00,2026-01-19T14:44:00+00:00,2026-01-19T14:44:00+00:00,Air New Zealand,NZ,ANZ,1807,NZ1807,ANZ1807,,,,,7C6DB7,qantas,qf,qfa,446,qf446,qfa446,,2026-01-19,-37.669613,144.84978,2026-01-19 13:00:00+00:00,6.804381
2026-01-19,landed,,Melbourne - Tullamarine Airport,Australia/Melbourne,MEL,YMML,1,25,,2026-01-19T13:30:00+00:00,2026-01-19 13:30:00+00:00,2026-01-19T13:40:00+00:00,2026-01-19T13:40:00+00:00,2026-01-19T13:40:00+00:00,Sydney Kingsford Smith Airport,Australia/Sydney,SYD,YSSY,3,11,,2026-01-19T14:55:00+00:00,,2026-01-19T14:41:00+00:00,2026-01-19T14:44:00+00:00,2026-01-19T14:44:00+00:00,2026-01-19T14:44:00+00:00,Emirates,EK,UAE,5446,EK5446,UAE5446,,,,,7C6DB7,qantas,qf,qfa,446,qf446,qfa446,,2026-01-19,-37.669613,144.84978,2026-01-19 13:00:00+00:00,6.804381
2026-01-19,landed,,Melbourne - Tullamarine Airport,Australia/Melbourne,MEL,YMML,1,25,,2026-01-19T13:30:00+00:00,2026-01-19 13:30:00+00:00,2026-01-19T13:40:00+00:00,2026-01-19T13:40:00+00:00,2026-01-19T13:40:00+00:00,Sydney Kingsford Smith Airport,Australia/Sydney,SYD,YSSY,3,11,,2026-01-19T14:55:00+00:00,,2026-01-19T14:41:00+00:00,2026-01-19T14:44:00+00:00,2026-01-19T14:44:00+00:00,2026-01-19T14:44:00+00:00,IndiGo,6E,IGO,4640,6E4640,IGO4640,,,,,7C6DB7,qantas,qf,qfa,446,qf446,qfa446,,2026-01-19,-37.669613,144.84978,2026-01-19 13:00:00+00:00,6.804381
2026-01-19,landed,,Canberra,Australia/Sydney,CBR,YSCB,,,9.0,2026-01-19T13:35:00+00:00,2026-01-19 13:35:00+00:00,2026-01-19T14:03:00+00:00,2026-01-19T14:03:00+00:00,2026-01-19T14:03:00+00:00,Sydney Kingsford Smith Airport,Australia/Sydney,SYD,YSSY,3,19,,2026-01-19T14:30:00+00:00,9.0,2026-01-19T14:36:00+00:00,2026-01-19T14:39:00+00:00,2026-01-19T14:39:00+00:00,2026-01-19T14:39:00+00:00,QantasLink,,QLK,1440,,QLK1440,,,,,7CB066,,,,,,,,2026-01-19,-35.30735,149.19052,2026-01-19 14:00:00+00:00,7.4932766
2026-01-19,scheduled,,Xianyang,Asia/Shanghai,XIY,ZLXY,5,B03-,,2026-01-19T13:40:00+00:00,2026-01-19 13:40:00+00:00,,,,Dalian,Asia/Shanghai,DLC,ZYTL,2,,3,2026-01-19T15:55:00+00:00,,,,,,Xiamen Airlines,MF,CXA,3125,MF3125,CXA3125,,,,,781C4E,china eastern airlines,mu,ces,2297,mu2297,ces2297,,2026-01-19,34.441154,108.75605,2026-01-19 14:00:00+00:00,5.0688457
2026-01-19,scheduled,,Suvarnabhumi International,Asia/Bangkok,BKK,VTBS,,B5,,2026-01-19T13:55:00+00:00,2026-01-19 13:55:00+00:00,,,,Phuket International,Asia/Bangkok,HKT,VTSP,D,,,2026-01-19T15:25:00+00:00,,,,,,El Al,LY,ELY,8413,LY8413,ELY8413,,,,,,thai airways international,tg,tha,211,tg211,tha211,,2026-01-19,13.693062,100.752045,2026-01-19 14:00:00+00:00,9.080639
2026-01-19,scheduled,,Suvarnabhumi International,Asia/Bangkok,BKK,VTBS,,B5,,2026-01-19T13:55:00+00:00,2026-01-19 13:55:00+00:00,,,,Phuket International,Asia/Bangkok,HKT,VTSP,D,,,2026-01-19T15:25:00+00:00,,,,,,Gulf Air,GF,GFA,6305,GF6305,GFA6305,,,,,,thai airways international,tg,tha,211,tg211,tha211,,2026-01-19,13.693062,100.752045,2026-01-19 14:00:00+00:00,9.080639
2026-01-19,scheduled,,Suvarnabhumi International,Asia/Bangkok,BKK,VTBS,,B5,,2026-01-19T13:55:00+00:00,2026-01-19 13:55:00+00:00,,,,Phuket International,Asia/Bangkok,HKT,VTSP,D,,,2026-01-19T15:25:00+00:00,,,,,,Austrian,OS,AUA,8607,OS8607,AUA8607,,,,,,thai airways international,tg,tha,211,tg211,tha211,,2026-01-19,13.693062,100.752045,2026-01-19 14:00:00+00:00,9.080639
2026-01-19,scheduled,,Suvarnabhumi International,Asia/Bangkok,BKK,VTBS,,B5,,2026-01-19T13:55:00+00:00,2026-01-19 13:55:00+00:00,,,,Phuket International,Asia/Bangkok,HKT,VTSP,D,,,2026-01-19T15:25:00+00:00,,,,,,Asiana Airlines,OZ,AAR,6768,OZ6768,AAR6768,,,,,,thai airways international,tg,tha,211,tg211,tha211,,2026-01-19,13.693062,100.752045,2026-01-19 14:00:00+00:00,9.080639
2026-01-19,scheduled,,,,BSZ,UCFM,,,,2026-01-19T14:00:00+00:00,2026-01-19 14:00:00+00:00,,,,Islamabad International,Asia/Karachi,ISB,OPIS,1,,,2026-01-19T15:15:00+00:00,,,,,,Aero Nomad,KA,ANK,585,KA585,ANK585,,,,,,,,,,,,,2026-01-19,,,,
2026-01-19,landed,,Broken Hill,Australia/Broken_Hill,BHQ,YBHI,,,,2026-01-19T14:15:00+00:00,2026-01-19 14:15:00+00:00,2026-01-19T11:46:00+00:00,2026-01-19T11:46:00+00:00,2026-01-19T11:46:00+00:00,Broken Hill,Australia/Broken_Hill,BHQ,YBHI,,,,2026-01-19T14:43:00+00:00,,,2026-01-19T13:27:00+00:00,2026-01-19T13:27:00+00:00,2026-01-19T13:27:00+00:00,empty,,,,,,,,,,7C3FE2,,,,,,,,2026-01-19,-31.998983,141.46857,2026-01-19 14:00:00+00:00,28.726217
2026-01-19,scheduled,,Beijing Capital International,Asia/Shanghai,PEK,ZBAA,3,"J,K",,2026-01-19T14:15:00+00:00,2026-01-19 14:15:00+00:00,,,,Zhuhai Airport,Asia/Shanghai,ZUH,ZGSD,,,1,2026-01-19T18:05:00+00:00,,,,,,Shandong Airlines,SC,CDG,5705,SC5705,CDG5705,,,,,780D88,air china inner mongolia,,cnm,1323,,cnm1323,,2026-01-19,40.078537,116.5871,2026-01-19 14:00:00+00:00,12.387348
2026-01-19,scheduled,,Tan Son Nhat International,Asia/Ho_Chi_Minh,SGN,VVTS,1,,,2026-01-19T14:35:00+00:00,2026-01-19 14:35:00+00:00,,,,Noibai International,Asia/Ho_Chi_Minh,HAN,VVNB,1,,,2026-01-19T16:45:00+00:00,,,,,,,A1,A1,2130,A12130,A12130,,,,,,vietjet air,vj,vjc,130,vj130,vjc130,,2026-01-19,10.813045,106.662476,2026-01-19 15:00:00+00:00,8.415842
2026-01-19,scheduled,,Tan Son Nhat International,Asia/Ho_Chi_Minh,SGN,VVTS,1,,,2026-01-19T14:35:00+00:00,2026-01-19 14:35:00+00:00,,,,Noibai International,Asia/Ho_Chi_Minh,HAN,VVNB,1,,,2026-01-19T16:45:00+00:00,,,,,,,H1,H1,4400,H14400,H14400,,,,,,vietjet air,vj,vjc,130,vj130,vjc130,,2026-01-19,10.813045,106.662476,2026-01-19 15:00:00+00:00,8.415842
2026-01-19,scheduled,,Tan Son Nhat International,Asia/Ho_Chi_Minh,SGN,VVTS,1,,,2026-01-19T14:35:00+00:00,2026-01-19 14:35:00+00:00,,,,Noibai International,Asia/Ho_Chi_Minh,HAN,VVNB,1,,,2026-01-19T16:45:00+00:00,,,,,,FlexFlight,W2,FXT,4130,W24130,FXT4130,,,,,,vietjet air,vj,vjc,130,vj130,vjc130,,2026-01-19,10.813045,106.662476,2026-01-19 15:00:00+00:00,8.415842
2026-01-19,scheduled,,Hamilton Island,Australia/Lindeman,HTI,YBHM,,,,2026-01-19T14:35:00+00:00,2026-01-19 14:35:00+00:00,,,,Brisbane International,Australia/Brisbane,BNE,YBBN,D,,2,2026-01-19T16:10:00+00:00,,,,,,QantasLink,,QLK,1593,,QLK1593,,,,,7C78AB,,,,,,,,2026-01-19,-20.35175,148.94847,2026-01-19 15:00:00+00:00,29.278646
2026-01-19,landed,,Nelson,Pacific/Auckland,NSN,NZNS,,5,,2026-01-19T14:35:00+00:00,2026-01-19 14:35:00+00:00,2026-01-19T14:31:00+00:00,2026-01-19T14:31:00+00:00,2026-01-19T14:31:00+00:00,Wellington International,Pacific/Auckland,WLG,NZWN,D,11,,2026-01-19T15:15:00+00:00,,2026-01-19T15:01:00+00:00,2026-01-19T15:03:00+00:00,2026-01-19T15:03:00+00:00,2026-01-19T15:03:00+00:00,Air New Zealand,NZ,ANZ,5312,NZ5312,ANZ5312,,,,,C82810,,,,,,,,2026-01-19,-41.299976,173.22498,2026-01-19 15:00:00+00:00,5.4744864
2026-01-19,scheduled,,Jabiru,Australia/Darwin,JAB,YJAB,,,,2026-01-19T14:40:00+00:00,2026-01-19 14:40:00+00:00,,,,Darwin,Australia/Darwin,DRW,YPDN,1,,,2026-01-19T15:12:00+00:00,,,,,,CareFlight,,CFH,25,,CFH25,,,,,7C7EE1,,,,,,,,2026-01-19,-12.659722,132.89194,2026-01-19 15:00:00+00:00,4.2021422
2026-01-19,scheduled,,Tan Son Nhat International,Asia/Ho_Chi_Minh,SGN,VVTS,1,,,2026-01-19T14:40:00+00:00,2026-01-19 14:40:00+00:00,,,,Noibai International,Asia/Ho_Chi_Minh,HAN,VVNB,1,,,2026-01-19T16:50:00+00:00,,,,,,FlexFlight,W2,FXT,4134,W24134,FXT4134,,,,,,vietjet air,vj,vjc,134,vj134,vjc134,,2026-01-19,10.813045,106.662476,2026-01-19 15:00:00+00:00,8.415842
2026-01-19,scheduled,,Tan Son Nhat International,Asia/Ho_Chi_Minh,SGN,VVTS,1,,,2026-01-19T14:40:00+00:00,2026-01-19 14:40:00+00:00,,,,Noibai International,Asia/Ho_Chi_Minh,HAN,VVNB,1,,,2026-01-19T16:50:00+00:00,,,,,,,H1,H1,4414,H14414,H14414,,,,,,vietjet air,vj,vjc,134,vj134,vjc134,,2026-01-19,10.813045,106.662476,2026-01-19 15:00:00+00:00,8.415842
2026-01-19,scheduled,,Tan Son Nhat International,Asia/Ho_Chi_Minh,SGN,VVTS,1,,,2026-01-19T14:40:00+00:00,2026-01-19 14:40:00+00:00,,,,Noibai International,Asia/Ho_Chi_Minh,HAN,VVNB,1,,,2026-01-19T16:50:00+00:00,,,,,,,A1,A1,2134,A12134,A12134,,,,,,vietjet air,vj,vjc,134,vj134,vjc134,,2026-01-19,10.813045,106.662476,2026-01-19 15:00:00+00:00,8.415842
2026-01-19,scheduled,,Shashi,Asia/Shanghai,SHS,ZHJZ,,2,,2026-01-19T14:50:00+00:00,2026-01-19 14:50:00+00:00,,,,Guiyang,Asia/Shanghai,KWE,ZUGY,2,,,2026-01-19T16:20:00+00:00,,,,,,Shenzhen Airlines,ZH,CSZ,2470,ZH2470,CSZ2470,,,,,7813DD,china express air,g5,hxa,4272,g54272,hxa4272,,2026-01-19,30.316668,112.23333,2026-01-19 15:00:00+00:00,24.485954
2026-01-19,scheduled,,Shashi,Asia/Shanghai,SHS,ZHJZ,,2,,2026-01-19T14:50:00+00:00,2026-01-19 14:50:00+00:00,,,,Guiyang,Asia/Shanghai,KWE,ZUGY,2,,,2026-01-19T16:20:00+00:00,,,,,,Loong Air,GJ,CDC,5750,GJ5750,CDC5750,,,,,7813DD,china express air,g5,hxa,4272,g54272,hxa4272,,2026-01-19,30.316668,112.23333,2026-01-19 15:00:00+00:00,24.485954
2026-01-19,scheduled,,Shashi,Asia/Shanghai,SHS,ZHJZ,,2,,2026-01-19T14:50:00+00:00,2026-01-19 14:50:00+00:00,,,,Guiyang,Asia/Shanghai,KWE,ZUGY,2,,,2026-01-19T16:20:00+00:00,,,,,,Sichuan Airlines,3U,CSC,4202,3U4202,CSC4202,,,,,7813DD,china express air,g5,hxa,4272,g54272,hxa4272,,2026-01-19,30.316668,112.23333,2026-01-19 15:00:00+00:00,24.485954
2026-01-19,scheduled,,Tan Son Nhat International,Asia/Ho_Chi_Minh,SGN,VVTS,1,,,2026-01-19T14:50:00+00:00,2026-01-19 14:50:00+00:00,,,,Noibai International,Asia/Ho_Chi_Minh,HAN,VVNB,1,,,2026-01-19T17:00:00+00:00,,,,,,FlexFlight,W2,FXT,4146,W24146,FXT4146,,,,,,vietjet air,vj,vjc,146,vj146,vjc146,,2026-01-19,10.813045,106.662476,2026-01-19 15:00:00+00:00,8.415842
2026-01-19,scheduled,,Tan Son Nhat International,Asia/Ho_Chi_Minh,SGN,VVTS,1,,,2026-01-19T14:50:00+00:00,2026-01-19 14:50:00+00:00,,,,Noibai International,Asia/Ho_Chi_Minh,HAN,VVNB,1,,,2026-01-19T17:00:00+00:00,,,,,,,A1,A1,2146,A12146,A12146,,,,,,vietjet air,vj,vjc,146,vj146,vjc146,,2026-01-19,10.813045,106.662476,2026-01-19 15:00:00+00:00,8.415842
2026-01-19,scheduled,,Shashi,Asia/Shanghai,SHS,ZHJZ,,2,,2026-01-19T14:50:00+00:00,2026-01-19 14:50:00+00:00,,,,Guiyang,Asia/Shanghai,KWE,ZUGY,2,,,2026-01-19T16:20:00+00:00,,,,,,Shandong Airlines,SC,CDG,3702,SC3702,CDG3702,,,,,7813DD,china express air,g5,hxa,4272,g54272,hxa4272,,2026-01-19,30.316668,112.23333,2026-01-19 15:00:00+00:00,24.485954
2026-01-19,scheduled,,Tan Son Nhat International,Asia/Ho_Chi_Minh,SGN,VVTS,1,,,2026-01-19T14:50:00+00:00,2026-01-19 14:50:00+00:00,,,,Noibai International,Asia/Ho_Chi_Minh,HAN,VVNB,1,,,2026-01-19T17:00:00+00:00,,,,,,,H1,H1,4424,H14424,H14424,,,,,,vietjet air,vj,vjc,146,vj146,vjc146,,2026-01-19,10.813045,106.662476,2026-01-19 15:00:00+00:00,8.415842
2026-01-19,scheduled,,Emerald,Australia/Brisbane,EMD,YEML,,,,2026-01-19T14:55:00+00:00,2026-01-19 14:55:00+00:00,,,,Brisbane International,Australia/Brisbane,BNE,YBBN,D,,1,2026-01-19T16:15:00+00:00,,,,,,QantasLink,,QLK,1945,,QLK1945,,,,,7C68AD,,,,,,,,2026-01-19,-23.56861,148.1744,2026-01-19 15:00:00+00:00,12.810386
2026-01-19,scheduled,,Guangzhou Baiyun International,Asia/Shanghai,CAN,ZGGG,1,,,2026-01-19T14:55:00+00:00,2026-01-19 14:55:00+00:00,,,,Wuxi,Asia/Shanghai,WUX,ZSWX,,,11,2026-01-19T17:10:00+00:00,,,,,,Shandong Airlines,SC,CDG,9569,SC9569,CDG9569,,,,,7807AD,shenzhen airlines,zh,csz,9829,zh9829,csz9829,,2026-01-19,23.387861,113.29734,2026-01-19 15:00:00+00:00,5.8769383
2026-01-19,scheduled,,Guangzhou Baiyun International,Asia/Shanghai,CAN,ZGGG,1,,,2026-01-19T14:55:00+00:00,2026-01-19 14:55:00+00:00,,,,Wuxi,Asia/Shanghai,WUX,ZSWX,,,11,2026-01-19T17:10:00+00:00,,,,,,Air China LTD,CA,CCA,3381,CA3381,CCA3381,,,,,7807AD,shenzhen airlines,zh,csz,9829,zh9829,csz9829,,2026-01-19,23.387861,113.29734,2026-01-19 15:00:00+00:00,5.8769383
2026-01-19,scheduled,,Chengdu Tianfu International Airport,Asia/Chongqing,TFU,ZUTF,2,243,,2026-01-19T14:55:00+00:00,2026-01-19 14:55:00+00:00,,,,Lanzhou Zhongchuan Airport,,LHW,ZLLL,,,7,2026-01-19T16:40:00+00:00,,,,,,Air China LTD,CA,CCA,3471,CA3471,CCA3471,,,,,78165F,shenzhen airlines,zh,csz,8431,zh8431,csz8431,,2026-01-19,30.319,104.445,2026-01-19 15:00:00+00:00,18.194252
2026-01-19,scheduled,,Chengdu Tianfu International Airport,Asia/Chongqing,TFU,ZUTF,2,243,,2026-01-19T14:55:00+00:00,2026-01-19 14:55:00+00:00,,,,Lanzhou Zhongchuan Airport,,LHW,ZLLL,,,7,2026-01-19T16:40:00+00:00,,,,,,Shandong Airlines,SC,CDG,9075,SC9075,CDG9075,,,,,78165F,shenzhen airlines,zh,csz,8431,zh8431,csz8431,,2026-01-19,30.319,104.445,2026-01-19 15:00:00+00:00,18.194252
2026-01-19,scheduled,,Guangzhou Baiyun International,Asia/Shanghai,CAN,ZGGG,1,,,2026-01-19T14:55:00+00:00,2026-01-19 14:55:00+00:00,,,,Wuxi,Asia/Shanghai,WUX,ZSWX,,,11,2026-01-19T17:10:00+00:00,,,,,,Juneyao Airlines,HO,DKH,5244,HO5244,DKH5244,,,,,7807AD,shenzhen airlines,zh,csz,9829,zh9829,csz9829,,2026-01-19,23.387861,113.29734,2026-01-19 15:00:00+00:00,5.8769383
2026-01-19,scheduled,,Harbin,Asia/Shanghai,HRB,ZYHB,,45,,2026-01-19T15:00:00+00:00,2026-01-19 15:00:00+00:00,,,,Xuzhou,Asia/Shanghai,XUZ,ZSXZ,,,,2026-01-19T17:45:00+00:00,,,,,,Hainan Airlines,HU,CHH,4148,HU4148,CHH4148,,,,,781ACE,west air (china),pn,chb,6340,pn6340,chb6340,,2026-01-19,45.620853,126.23644,2026-01-19 15:00:00+00:00,15.086748
2026-01-19,scheduled,,Suvarnabhumi International,Asia/Bangkok,BKK,VTBS,,,,2026-01-19T15:05:00+00:00,2026-01-19 15:05:00+00:00,,,,Noibai International,Asia/Ho_Chi_Minh,HAN,VVNB,2,,,2026-01-19T17:00:00+00:00,,,,,,,A1,A1,2902,A12902,A12902,,,,,,vietjet air,vj,vjc,902,vj902,vjc902,,2026-01-19,13.693062,100.752045,2026-01-19 15:00:00+00:00,9.0
2026-01-19,scheduled,,Suvarnabhumi International,Asia/Bangkok,BKK,VTBS,,,,2026-01-19T15:05:00+00:00,2026-01-19 15:05:00+00:00,,,,Noibai International,Asia/Ho_Chi_Minh,HAN,VVNB,2,,,2026-01-19T17:00:00+00:00,,,,,,FlexFlight,W2,FXT,4902,W24902,FXT4902,,,,,,vietjet air,vj,vjc,902,vj902,vjc902,,2026-01-19,13.693062,100.752045,2026-01-19 15:00:00+00:00,9.0
2026-01-19,scheduled,,Xianyang,Asia/Shanghai,XIY,ZLXY,5,B03-,,2026-01-19T15:05:00+00:00,2026-01-19 15:05:00+00:00,,,,Zhuhai Airport,Asia/Shanghai,ZUH,ZGSD,,,5,2026-01-19T17:50:00+00:00,,,,,,Xiamen Airlines,MF,CXA,3161,MF3161,CXA3161,,,,,7816EA,china eastern airlines,mu,ces,2341,mu2341,ces2341,,2026-01-19,34.441154,108.75605,2026-01-19 15:00:00+00:00,7.7420926
2026-01-19,scheduled,,Suvarnabhumi International,Asia/Bangkok,BKK,VTBS,,,,2026-01-19T15:05:00+00:00,2026-01-19 15:05:00+00:00,,,,Noibai International,Asia/Ho_Chi_Minh,HAN,VVNB,2,,,2026-01-19T17:00:00+00:00,,,,,,,H1,H1,4094,H14094,H14094,,,,,,vietjet air,vj,vjc,902,vj902,vjc902,,2026-01-19,13.693062,100.752045,2026-01-19 15:00:00+00:00,9.0
2026-01-19,scheduled,,Chongqing Jiangbei International,Asia/Shanghai,CKG,ZUCK,3,J19,,2026-01-19T15:10:00+00:00,2026-01-19 15:10:00+00:00,,,,Wuxi,Asia/Shanghai,WUX,ZSWX,,,9,2026-01-19T17:15:00+00:00,,,,,,China Southern Airlines,CZ,CSN,254,CZ254,CSN254,,,,,781977,juneyao airlines,ho,dkh,2014,ho2014,dkh2014,,2026-01-19,29.72034,106.63408,2026-01-19 15:00:00+00:00,2.7475805
2026-01-19,scheduled,,Chengdu Tianfu International Airport,Asia/Chongqing,TFU,ZUTF,2,34,,2026-01-19T15:10:00+00:00,2026-01-19 15:10:00+00:00,,,,Simao,Asia/Shanghai,SYM,ZPSM,,,,2026-01-19T16:50:00+00:00,,,,,,Sichuan Airlines,3U,CSC,6679,3U6679,CSC6679,,,,,7803E3,,,,,,,,2026-01-19,30.319,104.445,2026-01-19 15:00:00+00:00,18.194252
2026-01-19,scheduled,,Chengdu Tianfu International Airport,Asia/Chongqing,TFU,ZUTF,2,34,,2026-01-19T15:10:00+00:00,2026-01-19 15:10:00+00:00,,,,Simao,Asia/Shanghai,SYM,ZPSM,,,,2026-01-19T16:50:00+00:00,,,,,,China Eastern Airlines,MU,CES,3261,MU3261,CES3261,,,,,7803E3,sichuan airlines,3u,csc,6679,3u6679,csc6679,,2026-01-19,30.319,104.445,2026-01-19 15:00:00+00:00,18.194252
2026-01-19,scheduled,,Chengdu Tianfu International Airport,Asia/Chongqing,TFU,ZUTF,2,34,,2026-01-19T15:10:00+00:00,2026-01-19 15:10:00+00:00,,,,Simao,Asia/Shanghai,SYM,ZPSM,,,,2026-01-19T16:50:00+00:00,,,,,,Xiamen Airlines,MF,CXA,5249,MF5249,CXA5249,,,,,7803E3,sichuan airlines,3u,csc,6679,3u6679,csc6679,,2026-01-19,30.319,104.445,2026-01-19 15:00:00+00:00,18.194252
2026-01-19,scheduled,,Chengdu Tianfu International Airport,Asia/Chongqing,TFU,ZUTF,2,34,,2026-01-19T15:10:00+00:00,2026-01-19 15:10:00+00:00,,,,Simao,Asia/Shanghai,SYM,ZPSM,,,,2026-01-19T16:50:00+00:00,,,,,,China Express Air,G5,HXA,8837,G58837,HXA8837,,,,,7803E3,sichuan airlines,3u,csc,6679,3u6679,csc6679,,2026-01-19,30.319,104.445,2026-01-19 15:00:00+00:00,18.194252
2026-01-19,scheduled,,Chengdu Tianfu International Airport,Asia/Chongqing,TFU,ZUTF,2,34,,2026-01-19T15:10:00+00:00,2026-01-19 15:10:00+00:00,,,,Simao,Asia/Shanghai,SYM,ZPSM,,,,2026-01-19T16:50:00+00:00,,,,,,China Southern Airlines,CZ,CSN,4829,CZ4829,CSN4829,,,,,7803E3,sichuan airlines,3u,csc,6679,3u6679,csc6679,,2026-01-19,30.319,104.445,2026-01-19 15:00:00+00:00,18.194252
2026-01-19,scheduled,,Chongqing Jiangbei International,Asia/Shanghai,CKG,ZUCK,3,J19,,2026-01-19T15:10:00+00:00,2026-01-19 15:10:00+00:00,,,,Wuxi,Asia/Shanghai,WUX,ZSWX,,,9,2026-01-19T17:15:00+00:00,,,,,,Sichuan Airlines,3U,CSC,4600,3U4600,CSC4600,,,,,781977,juneyao airlines,ho,dkh,2014,ho2014,dkh2014,,2026-01-19,29.72034,106.63408,2026-01-19 15:00:00+00:00,2.7475805
2026-01-19,scheduled,,Chongqing Jiangbei International,Asia/Shanghai,CKG,ZUCK,3,J19,,2026-01-19T15:10:00+00:00,2026-01-19 15:10:00+00:00,,,,Wuxi,Asia/Shanghai,WUX,ZSWX,,,9,2026-01-19T17:15:00+00:00,,,,,,China Eastern Airlines,MU,CES,3844,MU3844,CES3844,,,,,781977,juneyao airlines,ho,dkh,2014,ho2014,dkh2014,,2026-01-19,29.72034,106.63408,2026-01-19 15:00:00+00:00,2.7475805
2026-01-19,scheduled,,Chongqing Jiangbei International,Asia/Shanghai,CKG,ZUCK,3,J19,,2026-01-19T15:10:00+00:00,2026-01-19 15:10:00+00:00,,,,Wuxi,Asia/Shanghai,WUX,ZSWX,,,9,2026-01-19T17:15:00+00:00,,,,,,Xiamen Airlines,MF,CXA,7862,MF7862,CXA7862,,,,,781977,juneyao airlines,ho,dkh,2014,ho2014,dkh2014,,2026-01-19,29.72034,106.63408,2026-01-19 15:00:00+00:00,2.7475805
2026-01-19,scheduled,,Shanghai Hongqiao International,Asia/Shanghai,SHA,ZSSS,2,33,,2026-01-19T15:10:00+00:00,2026-01-19 15:10:00+00:00,,,,Zhuhai Airport,Asia/Shanghai,ZUH,ZGSD,,,1,2026-01-19T17:50:00+00:00,,,,,,Shenzhen Airlines,ZH,CSZ,2612,ZH2612,CSZ2612,,,,,780ED3,shandong airlines,sc,cdg,2294,sc2294,cdg2294,,2026-01-19,31.196815,121.34197,2026-01-19 15:00:00+00:00,18.613253
2026-01-19,scheduled,,Shanghai Hongqiao International,Asia/Shanghai,SHA,ZSSS,2,33,,2026-01-19T15:10:00+00:00,2026-01-19 15:10:00+00:00,,,,Zhuhai Airport,Asia/Shanghai,ZUH,ZGSD,,,1,2026-01-19T17:50:00+00:00,,,,,,China Express Air,G5,HXA,6514,G56514,HXA6514,,,,,780ED3,shandong airlines,sc,cdg,2294,sc2294,cdg2294,,2026-01-19,31.196815,121.34197,2026-01-19 15:00:00+00:00,18.613253
2026-01-19,scheduled,,Shanghai Hongqiao International,Asia/Shanghai,SHA,ZSSS,2,33,,2026-01-19T15:10:00+00:00,2026-01-19 15:10:00+00:00,,,,Zhuhai Airport,Asia/Shanghai,ZUH,ZGSD,,,1,2026-01-19T17:50:00+00:00,,,,,,Air China LTD,CA,CCA,4710,CA4710,CCA4710,,,,,780ED3,shandong airlines,sc,cdg,2294,sc2294,cdg2294,,2026-01-19,31.196815,121.34197,2026-01-19 15:00:00+00:00,18.613253
2026-01-19,scheduled,,Shanghai Hongqiao International,Asia/Shanghai,SHA,ZSSS,2,33,,2026-01-19T15:10:00+00:00,2026-01-19 15:10:00+00:00,,,,Zhuhai Airport,Asia/Shanghai,ZUH,ZGSD,,,1,2026-01-19T17:50:00+00:00,,,,,,Tibet Airlines,TV,TBA,3114,TV3114,TBA3114,,,,,780ED3,shandong airlines,sc,cdg,2294,sc2294,cdg2294,,2026-01-19,31.196815,121.34197,2026-01-19 15:00:00+00:00,18.613253
2026-01-19,scheduled,,Chengdu Tianfu International Airport,Asia/Chongqing,TFU,ZUTF,2,56,,2026-01-19T15:15:00+00:00,2026-01-19 15:15:00+00:00,,,,Taiyuan,Asia/Shanghai,TYN,ZBYN,2,,T2-1,2026-01-19T17:15:00+00:00,,,,,,Juneyao Airlines,HO,DKH,5648,HO5648,DKH5648,,,,,7805BB,china eastern airlines,mu,ces,6395,mu6395,ces6395,,2026-01-19,30.319,104.445,2026-01-19 15:00:00+00:00,18.194252
2026-01-19,scheduled,,Chengdu Tianfu International Airport,Asia/Chongqing,TFU,ZUTF,2,56,,2026-01-19T15:15:00+00:00,2026-01-19 15:15:00+00:00,,,,Taiyuan,Asia/Shanghai,TYN,ZBYN,2,,T2-1,2026-01-19T17:15:00+00:00,,,,,,China United Airlines,KN,CUA,6753,KN6753,CUA6753,,,,,7805BB,china eastern airlines,mu,ces,6395,mu6395,ces6395,,2026-01-19,30.319,104.445,2026-01-19 15:00:00+00:00,18.194252
2026-01-19,scheduled,,Chengdu Tianfu International Airport,Asia/Chongqing,TFU,ZUTF,2,56,,2026-01-19T15:15:00+00:00,2026-01-19 15:15:00+00:00,,,,Taiyuan,Asia/Shanghai,TYN,ZBYN,2,,T2-1,2026-01-19T17:15:00+00:00,,,,,,Sichuan Airlines,3U,CSC,5425,3U5425,CSC5425,,,,,7805BB,china eastern airlines,mu,ces,6395,mu6395,ces6395,,2026-01-19,30.319,104.445,2026-01-19 15:00:00+00:00,18.194252
2026-01-19,scheduled,,Kuala Lumpur International Airport (klia),Asia/Kuala_Lumpur,KUL,WMKK,1,H4,,2026-01-19T15:20:00+00:00,2026-01-19 15:20:00+00:00,,,,Phuket International,Asia/Bangkok,HKT,VTSP,I,,,2026-01-19T15:45:00+00:00,,,,,,Finnair,AY,FIN,6728,AY6728,FIN6728,,,,,,malaysia airlines,mh,mas,794,mh794,mas794,,2026-01-19,2.755672,101.70539,2026-01-19 15:00:00+00:00,4.5891175
2026-01-19,scheduled,,Kuala Lumpur International Airport (klia),Asia/Kuala_Lumpur,KUL,WMKK,1,H4,,2026-01-19T15:20:00+00:00,2026-01-19 15:20:00+00:00,,,,Phuket International,Asia/Bangkok,HKT,VTSP,I,,,2026-01-19T15:45:00+00:00,,,,,,Oman Air,WY,OMA,5602,WY5602,OMA5602,,,,,,malaysia airlines,mh,mas,794,mh794,mas794,,2026-01-19,2.755672,101.70539,2026-01-19 15:00:00+00:00,4.5891175
2026-01-19,scheduled,,Kuala Lumpur International Airport (klia),Asia/Kuala_Lumpur,KUL,WMKK,1,H4,,2026-01-19T15:20:00+00:00,2026-01-19 15:20:00+00:00,,,,Phuket International,Asia/Bangkok,HKT,VTSP,I,,,2026-01-19T15:45:00+00:00,,,,,,Thai Airways International,TG,THA,4782,TG4782,THA4782,,,,,,malaysia airlines,mh,mas,794,mh794,mas794,,2026-01-19,2.755672,101.70539,2026-01-19 15:00:00+00:00,4.5891175
2026-01-19,scheduled,,Kuala Lumpur International Airport (klia),Asia/Kuala_Lumpur,KUL,WMKK,1,H4,,2026-01-19T15:20:00+00:00,2026-01-19 15:20:00+00:00,,,,Phuket International,Asia/Bangkok,HKT,VTSP,I,,,2026-01-19T15:45:00+00:00,,,,,,Qatar Airways,QR,QTR,5015,QR5015,QTR5015,,,,,,malaysia airlines,mh,mas,794,mh794,mas794,,2026-01-19,2.755672,101.70539,2026-01-19 15:00:00+00:00,4.5891175
2026-01-19,scheduled,,Kuala Lumpur International Airport (klia),Asia/Kuala_Lumpur,KUL,WMKK,1,H4,,2026-01-19T15:20:00+00:00,2026-01-19 15:20:00+00:00,,,,Phuket International,Asia/Bangkok,HKT,VTSP,I,,,2026-01-19T15:45:00+00:00,,,,,,Bangkok Airways,PG,BKP,4516,PG4516,BKP4516,,,,,,malaysia airlines,mh,mas,794,mh794,mas794,,2026-01-19,2.755672,101.70539,2026-01-19 15:00:00+00:00,4.5891175
2026-01-19,scheduled,,Kuala Lumpur International Airport (klia),Asia/Kuala_Lumpur,KUL,WMKK,1,H4,,2026-01-19T15:20:00+00:00,2026-01-19 15:20:00+00:00,,,,Phuket International,Asia/Bangkok,HKT,VTSP,I,,,2026-01-19T15:45:00+00:00,,,,,,Fly Sky Airlines,FY,FSQ,7498,FY7498,FSQ7498,,,,,,malaysia airlines,mh,mas,794,mh794,mas794,,2026-01-19,2.755672,101.70539,2026-01-19 15:00:00+00:00,4.5891175
2026-01-19,scheduled,,Kuala Lumpur International Airport (klia),Asia/Kuala_Lumpur,KUL,WMKK,1,H4,,2026-01-19T15:20:00+00:00,2026-01-19 15:20:00+00:00,,,,Phuket International,Asia/Bangkok,HKT,VTSP,I,,,2026-01-19T15:45:00+00:00,,,,,,British Airways,BA,BAW,8185,BA8185,BAW8185,,,,,,malaysia airlines,mh,mas,794,mh794,mas794,,2026-01-19,2.755672,101.70539,2026-01-19 15:00:00+00:00,4.5891175
2026-01-19,scheduled,,Melbourne - Tullamarine Airport,Australia/Melbourne,MEL,YMML,1,22,,2026-01-19T15:50:00+00:00,2026-01-19 15:50:00+00:00,,,,Brisbane International,Australia/Brisbane,BNE,YBBN,D,,2,2026-01-19T17:05:00+00:00,,,,,,QantasLink,,QLK,1268,,QLK1268,,,,,7C78B1,,,,,,,,2026-01-19,-37.669613,144.84978,2026-01-19 16:00:00+00:00,6.439876
2026-01-19,scheduled,,Williamtown,Australia/Sydney,NTL,YWLM,,,,2026-01-19T16:00:00+00:00,2026-01-19 16:00:00+00:00,,,,Melbourne - Tullamarine Airport,Australia/Melbourne,MEL,YMML,1,22,,2026-01-19T17:50:00+00:00,,,,,,QantasLink,,QLK,1998,,QLK1998,,,,,7C7770,,,,,,,,2026-01-19,-32.804592,151.84006,2026-01-19 16:00:00+00:00,6.114703
2026-01-19,scheduled,,Cue,Australia/Perth,CUY,YCUE,,,,2026-01-19T16:25:00+00:00,2026-01-19 16:25:00+00:00,,,,Perth International,Australia/Perth,PER,YPPH,3,,,2026-01-19T17:30:00+00:00,,,,,,National Jet Express,WO,JTE,171,WO171,JTE171,,,,,7C2BF6,,,,,,,,2026-01-19,-27.45,117.916664,2026-01-19 16:00:00+00:00,33.010746
2026-01-19,scheduled,,,,WCD,YSCD,,,,2026-01-19T16:30:00+00:00,2026-01-19 16:30:00+00:00,,,,Perth International,Australia/Perth,PER,YPPH,3,,,2026-01-19T17:33:00+00:00,,,,,,QantasLink,,QLK,,,QLK,,,,,7C42D5,,,,,,,,2026-01-19,,,,
2026-01-19,scheduled,,Chengdu Tianfu International Airport,Asia/Chongqing,TFU,ZUTF,2,,,2026-01-19T17:05:00+00:00,2026-01-19 17:05:00+00:00,,,,Yinchuan,Asia/Shanghai,INC,ZLIC,2,,,2026-01-19T19:05:00+00:00,,,,,,Air China LTD,CA,CCA,2583,CA2583,CCA2583,,,,,7820C9,,,,,,,,2026-01-19,30.319,104.445,2026-01-19 17:00:00+00:00,15.710607
2026-01-19,scheduled,,Shimojishima,Asia/Tokyo,SHI,RORS,,,,2026-01-19T17:15:00+00:00,2026-01-19 17:15:00+00:00,,,,Haneda Airport,Asia/Tokyo,HND,RJTT,1,,,2026-01-19T19:45:00+00:00,,,,,,Skymark Airlines,BC,SKY,618,BC618,SKY618,,,,,,,,,,,,,2026-01-19,24.816668,125.15,2026-01-19 17:00:00+00:00,48.7614
2026-01-19,scheduled,,Matsuyama,Asia/Tokyo,MYJ,RJOM,,A,,2026-01-19T17:45:00+00:00,2026-01-19 17:45:00+00:00,,,,Haneda Airport,Asia/Tokyo,HND,RJTT,1,,,2026-01-19T19:10:00+00:00,,,,,,Japan Airlines,JL,JAL,438,JL438,JAL438,,,,,,,,,,,,,2026-01-19,33.822224,132.70416,2026-01-19 18:00:00+00:00,11.583108
2026-01-19,scheduled,,,,IWK,RJOI,,,,2026-01-19T17:50:00+00:00,2026-01-19 17:50:00+00:00,,,,Haneda Airport,Asia/Tokyo,HND,RJTT,2,,,2026-01-19T19:20:00+00:00,,,,,,ANA,NH,ANA,638,NH638,ANA638,,,,,,,,,,,,,2026-01-19,,,,
2026-01-19,scheduled,,Itami,Asia/Tokyo,ITM,RJOO,,18,,2026-01-19T18:20:00+00:00,2026-01-19 18:20:00+00:00,,,,Haneda Airport,Asia/Tokyo,HND,RJTT,1,,,2026-01-19T19:30:00+00:00,,,,,,Japan Airlines,JL,JAL,130,JL130,JAL130,,,,,,,,,,,,,2026-01-19,34.790974,135.44171,2026-01-19 18:00:00+00:00,11.282711
2026-01-19,scheduled,,Matsuyama,Asia/Tokyo,MYJ,RJOM,,B,,2026-01-19T18:25:00+00:00,2026-01-19 18:25:00+00:00,,,,Haneda Airport,Asia/Tokyo,HND,RJTT,1,,,2026-01-19T19:45:00+00:00,,,,,,Japan Airlines,JL,JAL,440,JL440,JAL440,,,,,,,,,,,,,2026-01-19,33.822224,132.70416,2026-01-19 18:00:00+00:00,11.583108
2026-01-20,scheduled,,Cairns,Australia/Brisbane,CNS,YBCS,,,,2026-01-20T00:30:00+00:00,2026-01-20 00:30:00+00:00,,,,Cairns,Australia/Brisbane,CNS,YBCS,2,,,2026-01-19T15:10:00+00:00,,2026-01-19T08:31:00+00:00,,,,empty,,,,,,,,,,7C262A,,,,,,,,2026-01-20,-16.876537,145.75404,2026-01-20 00:00:00+00:00,9.582358
